,,,
,,,
Status,Name,Age,Specialization
Deceased,Eduardo Chávez,59,Shuttle Pilot
Deceased,Mikhail Orlov,83,Emergency Protocol Author
Deceased,Sigrid Johansen,72,Ship Archivist
Deceased,Miriam Goldstein,74,Cultural Liaison Officer
Deceased,Anselm Becker,79,Reactor Decommissioning Planner
Deceased,Beatriz Monteiro,73,Botanical Seed Vault Keeper
Deceased,Jean-Luc Moreau,67,Navigation Instructor
Deceased,Ahmed Zaki,65,Waste Heat Recovery Engineer
Deceased,Sergei Petrov,64,Radiation Shielding Engineer
Deceased,Abdulrahman Al-Sabah,63,Power Grid Supervisor
Deceased,Iván Marković,62,Supply Chain Quartermaster
Deceased,Nguyen Thi Mai,62,Water Quality Analyst
Deceased,Nandini Iyer,61,Medical Bay Surgeon
Deceased,Yelena Kuznetsova,60,Orbital Mechanics Analyst
Deceased,Chen Wei,40,Quantum Communications Analyst
Deceased,Zahra Nouri,46,Structural Integrity Officer
Deceased,Erik Lindström,47,Thermal Control Engineer
Deceased,Nóra Szabó,47,Food Storage Auditor
Deceased,Laila Hassan,48,Communications Security Analyst
Deceased,Marek Nowak,48,Astrodynamics Navigator
Deceased,Mustafa Demir,49,Reaction Mass Accountant
Deceased,László Horváth,71,Materials Failure Analyst
Deceased,Isabella Rossi,55,Life Support Systems Engineer
Deceased,Seamus Byrne,56,Maintenance Scheduler
Deceased,Dalia Ben-Ari,57,Epidemiology Officer
Deceased,Anwar Qureshi,57,Nanofabrication Engineer
Deceased,Pilar Ortega,58,Education Coordinator
Deceased,Tendai Moyo,58,Propellant Chemist
Deceased,Hélène Bernard,66,Civic Mediation Officer
Deceased,Helena Kowalska,59,Pharmacology Officer
Deceased,Fatou Diop,19,Drone Maintenance Tech
Deceased,Asha Mwangi,18,Recreation Coordinator
Deceased,Aroha Ngata,21,Library Systems Technician
Deceased,Anya Volkov,22,Comms Relay Operator
Deceased,Sahana Reddy,23,Microbial Ecology Researcher
Deceased,Salma Abdelrahim,28,Cryosleep Nurse
Deceased,Marta Sánchez,28,Galley Cook
Deceased,Naima Boukhalfa,29,Docking Port Specialist
Deceased,Diego Álvarez,29,EVA Suit Fabricator
Deceased,Tomasz Zieliński,30,3D Printer Operator
Deceased,Camila Ferreira,31,Bioprinting Lab Technician
Deceased,Eszter Varga,31,Bioreactor Operator
Deceased,Rakesh Patel,32,Soil Substrate Engineer
Deceased,Nur Aisyah Rahman,32,Nursery Habitat Technician
Deceased,Chukwuemeka Okafor,35,Cargo Routing Coordinator
Deceased,Arjun Singh,35,Dark Matter Sensor Specialist
Deceased,Amina El-Sayed,37,Exoplanet Geologist
Deceased,Karim Benali,37,Fire Suppression Engineer
Deceased,Jin Soo-yeon,38,Language Translation Specialist
Deceased,Aoife O'Connell,38,Psychological Counselor
Deceased,Sunita Kaur,39,Microgravity Physiotherapist
Deceased,Oksana Hrytsenko,40,Optical Systems Engineer
Deceased,Farid Rahmani,36,Sensor Array Calibrator
Deceased,Katerina Papadopoulos,36,Hydroponics Nutrient Chemist
Deceased,Celeste Dubois,45,Habitat Interior Designer
Deceased,Tane Mahuta,45,Meteor Shield Technician
Deceased,Luca Bianchi,46,Medical Imaging Specialist
Deceased,Roman Koval,33,Vacuum Pump Technician
Deceased,Grace Okoye,26,Sanitation Technician
Deceased,Linh Trần,26,Waste Management Operator
Deceased,Marisol Reyes,27,Emergency Medical Technician
Deceased,Park Min-jun,27,Airlock Seal Inspector
Deceased,Keiko Watanabe,24,Cryo-Alarm Technician
Deceased,Sofia Dimitrova,24,Gene Therapy Nurse
Deceased,Chen Yuting,20,Robotics Operator
Deceased,Yusuf Al-Khalil,23,Water Recycling Attendant
Deceased,Pedro Lima,25,Laundry Specialist
Deceased,Jonas Richter,69,Star Chart Historian
Deceased,Noah Kearns,4,Child
Deceased,Musa Abdullahi,5,Child
Deceased,Yara Souza,6,Child
Deceased,Priya Shah,7,Child
Deceased,Hana Sato,8,Child
Deceased,Matteo Rojas,9,Child
Deceased,Bao Nguyen,10,Child
Deceased,Leilani Kealoha,11,Child
Deceased,Svetlana Ivanenko,12,Child
Deceased,Omar Farouk,13,Child
Deceased,Rania Haddad,14,Child
Deceased,Aarav Sharma,34,Fusion Reactor Tech
Deceased,Elena Rodriguez,28,Exoplanet Geologist
Deceased,Kaito Tanaka,9,Child
Deceased,Fatima Al-Sayed,45,Hydroponic Gardener
Deceased,Lars Eriksen,52,Structural Engineer
Deceased,Chidi Okoro,31,Waste Management
Deceased,Svetlana Volkov,67,Cryo-Stasis Medic
Deceased,Mateo Silva,12,Child
Deceased,Mei Ling Chen,24,Laundry Specialist
Deceased,Amara Diop,39,Astrobiologist
Deceased,Hans Müller,82,Senior Archivist
Deceased,Isabella Rossi,5,Child
Deceased,Liam O'Connor,41,Atmospheric Processor
Deceased,Ananya Iyer,27,Quantum Cryptographer
Deceased,Jean-Baptiste Dupont,58,Culinary Logistics
Deceased,Yuki Sato,73,Cyberneticist
Deceased,Sofia Fernandez,14,Child
Deceased,Kwame Mensah,36,Security Officer
Deceased,Natasha Romanova,30,Navigation Officer
Deceased,Arjun Das,48,Electrician
Deceased,Birgit Nielsen,91,Retired Educator
Deceased,Diego Morales,22,Janitorial Services
Deceased,Zara Khan,7,Child
Deceased,Oliver Smith,33,Water Reclamation Specialist
Deceased,Min-ho Kim,44,Communications Liaison
Deceased,Priya Bakshi,29,Genetic Diversity Officer
Deceased,Lucas Wagner,11,Child
Deceased,Ines Ferreira,55,Emergency Response Lead
Deceased,Tariq Aziz,42,Propulsion Engineer
Deceased,Chloe Lefebvre,26,Data Miner
Deceased,Kenji Yamamoto,88,Cultural Historian
Deceased,Nia Tadesse,4,Child
Deceased,Ravi Malhotra,37,Internal Systems Repair
Deceased,Siobhan Murphy,32,Vermin Control
Deceased,Aleksandr Ivanov,61,Radiation Shielding Tech
Deceased,Gabriela Santos,13,Child
Deceased,Omar Al-Farsi,49,Deck Maintenance
Deceased,Hina Nakamura,25,Bio-Waste Technician
Deceased,Thomas Brown,50,Fabrication Specialist
Deceased,Eshe Mwangi,35,Xenobotanist
Deceased,Dimitri Petrov,6,Child
Deceased,Aisling Byrne,43,Hydration Tech
Deceased,Carlos Ruiz,57,Heavy Machinery Operator
Deceased,Sunita Rao,30,Nutritional Chemist
Deceased,Leopold Meyer,95,Philosophy Consultant
Deceased,Ji-won Park,21,Apprentice Welder
Deceased,Moussa Traoré,40,Security Detail
Deceased,Emilia Conti,8,Child
Deceased,Rahul Verma,46,Thermal Control Engineer
Deceased,Ingrid Bergman,70,Library Curator
Deceased,Javier Gomez,23,Mess Hall Attendant
Deceased,Noor Hassan,38,Structural Integrity Monitor
Deceased,Soren Holm,3,Child
Deceased,Xavier Dubois,53,Oxygen Scrubbing Specialist
Deceased,Lin Xiao,27,Sublight Pilot
Deceased,Amina Jollof,44,Fungal Cultivator
Deceased,Bjorn Ironside,66,Cargo Loader
Deceased,Yara Haddad,10,Child
Deceased,Viktor Reznov,59,Ammunition Specialist
Deceased,Seraphina Vance,31,Neuro-Psych Liaison
Deceased,Devon Miller,47,Plumbing & Sanitation
Deceased,Kaya Sato,14,Child
Deceased,Felipe Vega,33,Satellite Technician
Deceased,Nadia Belinsky,29,Chemical Analyst
Deceased,Elias Thorne,77,Retired Navigator
Deceased,Fatoumata Keïta,42,Medical Diagnostic Tech
Deceased,Hiroshi Tanaka,51,Internal Comms Repair
Deceased,Saanvi Reddy,5,Child
Deceased,Marco Polo,35,Logistics Coordinator
Deceased,Teresa Mendoza,62,Textile Repair
Deceased,Aleksei Sokolov,39,Plasma Containment Tech
Deceased,Camila Ortega,24,Hydroponic Harvester
Deceased,Zayd Al-Rashid,12,Child
Deceased,Freja Svendsen,28,Robotics Maintenance
Deceased,Ibrahim Diallo,45,Gravity Well Engineer
Deceased,Keiko Ishii,84,Calligrapher
Deceased,Malik Jones,31,Air Quality Monitor
Deceased,Rosa Hernandez,7,Child
Deceased,Simon Petrikov,54,Ice Miner
Deceased,Yuna Kim,22,Inventory Clerk
Deceased,Anders Lindholm,41,Pest Control
Deceased,Leila Mansour,36,Solar Array Tech
Deceased,Tenzin Gyatso,9,Child
Deceased,Mikhail Volkov,60,Shipwright
Deceased,Heidi Klum,48,Wardrobe Maintenance
Deceased,Chen Wei,33,Soil Scientist
Deceased,Sofia Kovalev,13,Child
Deceased,Ozan Demir,26,Signal Analyst
Deceased,Amelia Earhart,92,Historical Consultant
Deceased,Sanjay Gupta,44,Surgery Specialist
Deceased,Yasmine Larue,30,Baker
Deceased,Igor Drago,56,Bulkhead Welder
Deceased,Maya Angelou,4,Child
Deceased,Oskar Schindler,68,Manufacturing Lead
Deceased,Rina Sawayama,27,Recycling Tech
Deceased,Ali Hassan,38,Drill Operator
Deceased,Beatriz Silva,11,Child
Deceased,Klaus Schmidt,72,Clockmaker
Deceased,Isabelle Adjani,35,Bio-Ethics Officer
Deceased,Wang Fang,40,Lithium Battery Specialist
Deceased,Jiro Akimoto,44,Fusion Reactor Tech
Deceased,Elena Vance,32,Exoplanet Geologist
Deceased,Kofi Boateng,11,Child
Deceased,Maria Costa,39,Hydroponic Gardener
Deceased,Sergei Petrovich,55,Waste Management
Deceased,Amélie Lefèvre,28,Laundry Specialist
Deceased,Ibrahim Al-Kouri,50,Atmospheric Scrubbing Tech
Deceased,Yuki Tanaka,6,Child
Deceased,Lars Nilsson,62,Heavy Lift Operator
Deceased,Fatimah Binte-Zaid,35,Geneticist
Deceased,Chen Li,41,Hull Integrity Monitor
Deceased,Santiago Ruiz,14,Child
Deceased,Ingrid Sorensen,88,Cultural Archivist
Deceased,Marcus Thorne,27,Sublight Navigator
Deceased,Priya Deshmukh,33,Mycology Technician
Deceased,Oliver Schmidt,46,Cryogenic Maintenance
Deceased,Noa Cohen,4,Child
Deceased,Thabo Mbeki,58,Structural Welder
Deceased,Isabella Rossi,24,Mess Hall Steward
Deceased,Mikhail Bakunin,72,Systems Philosopher
Deceased,Zahra Mansour,31,Radiation Shield Specialist
Deceased,Leonardo Silva,9,Child
Deceased,Bridget O’Malley,43,Water Purification Lead
Deceased,Kenji Sato,37,Robotics Mechanic
Deceased,Ananya Rao,29,Bio-Safety Officer
Deceased,Dimitri Volkov,52,Security Chief
Deceased,Sophie Dubois,7,Child
Deceased,Kwame Addo,48,Power Grid Controller
Deceased,Beatriz Ortega,30,Nutrient Paste Processor
Deceased,Hans Weber,65,Fabrication Lead
Deceased,Min-Jee Park,22,Communications Relay Tech
Deceased,Arjun Nair,13,Child
Deceased,Svetlana Ivanova,36,Neuro-Linguistic Programmer
Deceased,Diego Morales,40,Cargo Bay Supervisor
Deceased,Chloe Whittaker,25,Soil Chemist
Deceased,Tariq Al-Fayed,54,Plasma Manifold Tech
Deceased,Luca Moretti,5,Child
Deceased,Ines Ferreira,34,Emergency Medical Tech
Deceased,Vladimir Sokolov,91,Retired Deck Officer
Deceased,Aisha Bello,42,Seed Vault Curator
Deceased,Finn Donnelly,26,Sanitation Drone Operator
Deceased,Yuna Kim,10,Child
Deceased,Raoul Gaspard,47,Internal Logistics Specialist
Deceased,Sunita Williams,38,Orbital Mechanics Analyst
Deceased,Boris Jovic,59,Turbine Repairman
Deceased,Clara Barton,31,Triage Nurse
Deceased,Hugo Jensen,3,Child
Deceased,Mei-Ling Zhao,45,Hydroponics Lead
Deceased,Pierre Durand,60,Maintenance Plumber
Deceased,Saanvi Patel,23,Apprentice Electrician
Deceased,Omar Sharif,68,Historical Records Officer
Deceased,Emily Watson,12,Child
Deceased,Xavier Hernandez,33,Security Patrol
Deceased,Natalia Romanov,29,Cyber-Security Tech
Deceased,Fritz Lang,84,Visual Media Preservation
Deceased,Amara Okecke,37,Geothermal Specialist
Deceased,Toby Miller,8,Child
Deceased,Gita Sahni,44,Pharmaceutical Chemist
Deceased,Alexei Leonov,51,Extra-Vehicular Repair
Deceased,Rose Tyler,21,Retail Inventory Clerk
Deceased,Katsumi Watanabe,56,High-Pressure Systems Tech
Deceased,Leo Fischer,11,Child
Deceased,Fatima Al-Zahrani,32,Bio-Waste Recycler
Deceased,Erik Visser,49,Deck Plate Welder
Deceased,Siobhan Kelly,27,Hydration Logistics
Deceased,Wei Zhang,43,Particle Physicist
Deceased,Mateo Garcia,9,Child
Deceased,Nadia Kurylyuk,35,Airflow Dynamics Engineer
Deceased,Ishaan Gupta,30,Database Manager
Deceased,Brigitte Nielsen,77,Physical Therapist
Deceased,Kareem Abdul,41,Gravity Plate Calibration
Deceased,Alice Cooper,6,Child
Deceased,Piotr Zielinski,34,Cooling Systems Tech
Deceased,Hanna Lindberg,28,Algae Cultivator
Deceased,Carlos Fuentes,53,Heavy Equipment Mechanic
Deceased,Julia Roberts,46,Trauma Surgeon
Deceased,Samwise Gamgee,5,Child
Deceased,Farrah Fawzi,31,Botanical Pathologist
Deceased,Ivan Drago,48,Structural Stress Analyst
Deceased,Sakura Haruno,25,Medical Lab Assistant
Deceased,Leopold Bloom,63,Inventory Auditor
Deceased,Zara Phillips,14,Child
Deceased,Arthur Dent,42,Emergency Evacuation Guide
Deceased,Valentina Tereshkova,36,Flight Path Calculator
Deceased,Ngô Bảo Châu,39,Mathematics Consultant
Deceased,Winston Smith,57,Record Clerk
Deceased,Bobby Fischer,10,Child
Deceased,Indira Gandhi,44,Resource Distribution
Deceased,Pablo Picasso,95,Ship Aesthetician
Deceased,Grace Hopper,29,Compiler Engineer
Deceased,Nelson Mandela,81,Mediation Liaison
Deceased,Simona Halep,8,Child
Deceased,Usain Bolt,33,Courier Service
Deceased,Marie Curie,52,Radiological Safety Officer
Deceased,Leonardo DiCaprio,40,Entertainment Coordinator
Deceased,Catherine Great,66,Senior Administrator
Deceased,David Attenborough,3,Child
Deceased,Malala Yousafzai,24,Education Facilitator
Deceased,Albert Einstein,70,Theoretical Consultant
Deceased,Serena Williams,38,Kinetic Energy Specialist
Deceased,Eshe Mwangi,35,Xenobotanist
Deceased,Dimitri Petrov,6,Child
Deceased,Aisling Byrne,43,Hydration Technician
Deceased,Carlos Ruiz,57,Heavy Machinery Operator
Deceased,Sunita Rao,30,Nutritional Chemist
Deceased,Leopold Meyer,95,Philosophy Consultant
Deceased,Ji-won Park,21,Satellite Technician
Deceased,Moussa Traoré,40,Security Detail
Deceased,Henrik Larsson,52,Fusion Reactor Engineer
Deceased,Yuki Tanaka,28,Cryogenics Specialist
Deceased,Margaret Chen,67,Chief Medical Officer
Deceased,Tobias Richter,44,Atmospheric Processor Tech
Deceased,Priya Sharma,33,Genetic Archivist
Deceased,William O'Brien,71,Colonial Historian
Deceased,Mei-Lin Wu,25,Comm Systems Analyst
Deceased,Aleksandr Volkov,38,Structural Welder
Deceased,Sarah Mitchell,4,Child
Deceased,Kenji Nakamura,61,Water Reclamation Lead
Deceased,Elena Vasquez,29,Epidemiologist
Deceased,Thomas Andersson,84,Retired Astrophysicist
Deceased,Hana Kim,19,Agricultural Apprentice
Deceased,Friedrich Weber,47,Waste Management Supervisor
Deceased,Liu Wei,36,Exoplanet Geologist
Deceased,Catherine Dubois,55,Textile Manufacturing Lead
Deceased,Raj Patel,42,Solar Array Technician
Deceased,Emma Lindqvist,8,Child
Deceased,Hiroshi Yamamoto,63,Propulsion Systems Chief
Deceased,Isabella Torres,31,Veterinary Specialist
Deceased,Michael Thompson,49,Mining Operations Foreman
Deceased,Aiko Sato,23,Laboratory Assistant
Deceased,Johannes Schmidt,76,Seed Vault Curator
Deceased,Linh Nguyen,34,Pharmacologist
Deceased,Patrick Brennan,58,HVAC Specialist
Deceased,Xiu Huang,27,Data Integrity Officer
Deceased,Anders Johansson,41,Hull Maintenance Tech
Deceased,Grace Okonkwo,3,Child
Deceased,Takeshi Mori,53,Navigation Officer
Deceased,Rebecca Foster,39,Midwife
Deceased,Chen Xiaoming,72,Aquaculture Manager
Deceased,Ingrid Dahl,26,Soil Scientist
Deceased,David Kowalski,45,Electrical Systems Engineer
Deceased,Min-ji Lee,11,Child
Deceased,Oscar Lindgren,88,Elder Council Member
Deceased,Fatima Al-Hassan,37,Trauma Surgeon
Deceased,James Reilly,50,Security Chief
Deceased,Yuna Choi,22,Protein Synthesis Tech
Deceased,Martin Schulz,64,Ceramics Fabricator
Deceased,Anna Petrova,32,Climate Modeling Specialist
Deceased,Benjamin Clarke,7,Child
Deceased,Sakura Ito,46,Psychologist
Deceased,Erik Magnusson,59,Blacksmith
Deceased,Wei Zhang,24,Drone Pilot
Deceased,Charlotte Williams,81,Archival Librarian
Deceased,Daisuke Fujita,35,Radiation Safety Officer
Deceased,Olivia Hansen,48,Livestock Geneticist
Deceased,Soo-yeon Kang,13,Child
Deceased,Robert MacLeod,69,Carpentry Foreman
Deceased,Ayumi Kobayashi,29,Immunologist
Deceased,Stefan Eriksson,43,Plumbing Systems Tech
Deceased,Jun Li,56,Electronics Fabrication Lead
Deceased,Victoria Adams,20,Laundry Specialist
Deceased,Kazuki Watanabe,77,Calligraphy Instructor
Deceased,Natasha Sokolova,38,Botanist
Deceased,Daniel Morrison,5,Child
Deceased,Hyun-woo Shin,51,Power Grid Manager
Deceased,Emily Watson,33,Dental Surgeon
Deceased,Tao Chen,62,Metallurgist
Deceased,Julia Bergström,9,Child
Deceased,Masahiro Endo,44,Robotics Technician
Deceased,Claire Fitzgerald,73,Textile Artisan
Deceased,Bo-ram Jung,28,Microbiologist
Deceased,Alexander Nilsson,54,Cargo Logistics Coordinator
Deceased,Ruth Gallagher,91,Oral Historian
Deceased,Yuto Hashimoto,40,Sanitation Engineer
Deceased,Helen Mackenzie,36,Anesthesiologist
Deceased,Sung-ho Lim,66,Tool & Die Maker
Deceased,Kaori Miyamoto,17,Engineering Cadet
Deceased,Peter Johannsen,47,Brewery Technician
Deceased,Jia Lin,12,Child
Deceased,Marcus Bauer,60,Glass Blower
Deceased,Evelyn Cross,34,Embryologist
Deceased,Ryu Suzuki,83,Master Gardener
Deceased,Lena Hedberg,25,Nutrient Cycling Specialist
Deceased,Connor Walsh,52,Life Support Technician
Deceased,Mi-young Oh,31,Pathologist
Deceased,Theodore Jameson,78,Ethicist
Deceased,Akiko Harada,45,Shuttle Pilot
Deceased,Samuel Lindberg,10,Child
Deceased,Qiang Zhou,37,3D Printing Specialist
Deceased,Nora Svensson,68,Beekeeping Manager
Deceased,Jin-soo Yoon,23,Oxygen Generation Tech
Deceased,Walter Gruber,56,Distillation Technician
Deceased,Haruki Ogawa,41,Seismologist
Deceased,Marie Larsen,93,Cultural Preservation Elder
Deceased,Shu-fen Wang,18,Hydroponic Gardener
Deceased,George Patterson,49,Chief Cook
Deceased,Emi Kato,14,Child
Deceased,Lars Henriksen,65,Carpentry Instructor
Deceased,Soon-hee Baek,39,Neurologist
Deceased,Richard Graves,70,Funeral Services Director
Deceased,Naomi Ishikawa,26,Cartographer
Deceased,Aaron Vance,42,Soil Nutrient Chemist
Deceased,Kenji Hirano,38,Modular Habitat Architect
Deceased,Siti Nur Aini,11,Child
Deceased,Elena Morozova,31,Survey Drone Pilot
Deceased,Mark Turner,45,Heavy Excavation Lead
Deceased,Amara Okafor,29,Xeno-Agriculturalist
Deceased,Milo Vaughn,7,Child
Deceased,Ingrid Sorensen,52,Seismic Activity Analyst
Deceased,Tariq Al-Bashir,36,Well-Drilling Specialist
Deceased,Lucia Mendez,27,Civil Surveyor
Deceased,Callum O'Shea,9,Child
Deceased,Hiroshi Tanaka,61,Site Planning Engineer
Deceased,Nadia Volkov,34,Atmospheric Hardening Expert
Deceased,Kofi Mensah,40,Irrigation Infrastructure Lead
Deceased,Sun-Hi Park,25,Cartographer
Deceased,Bram van der Berg,14,Child
Deceased,Fatima Zahra,33,Livestock Geneticist
Deceased,Alexei Morozov,47,Deep-Crust Miner
Deceased,Siobhan Byrne,30,Planetary Pathologist
Deceased,Rafael Silva,5,Child
Deceased,Chloe Dupont,28,Resource Prospector
Deceased,Jakob Fischer,55,Prefabricated Structural Tech
Deceased,Meera Iyer,41,Frontier Law Arbitrator
Deceased,Toby Higgins,3,Child
Deceased,Lars Eriksen,39,Geothermal Tap Technician
Deceased,Yuna Sato,26,Biodiversity Cataloguer
Deceased,Dimitri Sokolov,48,Perimeter Security Lead
Deceased,Amelie Girard,12,Child
Deceased,Zayd Al-Masri,37,Off-World Brick Mason
Deceased,Beatriz Santos,44,Water Table Ecologist
Deceased,Walter Meyer,68,Senior Settlement Planner
Deceased,Leo Valdez,8,Child
Deceased,Priya Sharma,32,Pollination Drone Tech
Deceased,Omar Farooq,50,Micro-Grid Electrician
Deceased,Sarah Jenkins,24,Tentative Biology Lab Assistant
Deceased,Ming Zhao,10,Child
Deceased,Ravi Das,35,Heavy Lift Crane Operator
Deceased,Eshe Mwangi,43,Frontier Medical Officer
Deceased,Viktor Kuzmin,57,Blast & Demolition Expert
Deceased,Sophie Muller,6,Child
Deceased,Carlos Ruiz,31,High-Wind Turbine Tech
Deceased,Ananya Reddy,29,Seed Germination Specialist
Deceased,Hugo Nilsson,54,Land Clearing Specialist
Deceased,Isabella Conti,4,Child
Deceased,Thabo Dlamini,38,Sub-Surface Hydrologist
Deceased,Karin Holm,33,Communication Array Rigger
Deceased,Javier Gomez,46,Concrete Polymer Chemist
Deceased,Nina Krawczyk,13,Child
Deceased,Liam Walker,28,All-Terrain Vehicle Mechanic
Deceased,Fatima Al-Farsi,36,Xeno-Entomologist
Deceased,Hans Becker,63,Acoustic Environment Mapper
Deceased,Ruby Johnson,7,Child
Deceased,Sanjay Mehta,42,Colony Sanitation Lead
Deceased,Ella Thornton,30,Meteorologist
Deceased,Mikhail Petrov,51,Industrial Foundryman
Deceased,Noa Ben-Ari,9,Child
Deceased,Pierre Lefebvre,37,Urban Layout Draftsman
Deceased,Jasmine Kaur,25,Fiber Optic Cable Layer
Deceased,Erik Visser,49,Bridge Structural Engineer
Deceased,Kaya Ito,5,Child
Deceased,Rahul Verma,34,Solar Field Installer
Deceased,Ines Ferreira,32,Topographical Surveyor
Deceased,Brian Stinson,40,Community morale Officer
Deceased,Oliver Watts,11,Child
Deceased,Svetlana Ivanova,39,Radiation Safety Inspector
Deceased,Diego Morales,27,Pipe Welder
Deceased,Amara Diop,45,Sustainable Forestry Lead
Deceased,Finn McCarthy,14,Child
Deceased,Chandra Basu,56,High-Voltage Distribution
Deceased,Rosa Hernandez,31,Waste-to-Fuel Specialist
Deceased,Keiko Tanaka,60,Hydroponic System Designer
Deceased,Samuel Gagne,6,Child
Deceased,Ali Al-Sayed,43,Bulk Storage Manager
Deceased,Brigitte Bernard,35,Wildlife Management
Deceased,Arthur Davis,38,Disaster Relief Coordinator
Deceased,Heidi Klein,12,Child
Deceased,Yusuf Ismail,53,Water Desalination Lead
Deceased,Zhang Wei,26,Soil Stabilization Tech
Deceased,Margo Robinson,30,Colony Outreach Liaison
Deceased,Peter Palmer,8,Child
Deceased,Simon Petrov,58,Glaciologist
Deceased,Laura Crawford,33,Archaeological Site Preservation
Deceased,Bruce Watkins,47,Settlement Funding Auditor
Deceased,Matilda Wood,4,Child
Deceased,Ellen Riley,36,Xenomorph Safety Protocolist
Deceased,Winston Stone,41,Records & Census Clerk
Deceased,Nelson Mbeki,72,Reconciliation Advisor
Deceased,Greta Svensson,13,Child
Deceased,Steve Irving,44,Native Fauna Handler
Deceased,Maria Kowalska,50,Mineral Isotope Analyst
Deceased,Pablo Esparza,48,Underground Tunnel Engineer
Deceased,Aria Stark,14,Child
Deceased,Leonard Davis,65,Master Cartographer
Deceased,Serena Wilson,32,Physical Conditioning Coach
Deceased,Nikolai Tesic,59,Wireless Power Researcher
Deceased,Katie Everett,9,Child
Deceased,Janet Goodwin,67,Primate Behavioralist
Deceased,Simon Freed,70,Isolation Psychologist
Deceased,Neil Anderson,54,First-Contact Landing Pilot
Deceased,Amelia Edwards,3,Child
Deceased,Astrid Lindqvist,42,Circadian Rhythm Calibrator
Deceased,Feng Zhao,58,Ancestral Memory Curator
Deceased,Niamh Callahan,33,Bioluminescence Artist
Deceased,Soren Madsen,67,Void Psychology Counselor
Deceased,Yue Fang,29,Synthetic Pheromone Chemist
Deceased,Marek Kowalczyk,51,Acoustic Archaeology Specialist
Deceased,Chiyo Nishimura,7,Child
Deceased,Theodore Ashworth,84,Oral Tradition Keeper
Deceased,Seung-min Hwang,36,Quantum Entanglement Observer
Deceased,Fiona Gallagher,44,Grief Ecology Therapist
Deceased,Ren Hayashi,23,Zero-G Movement Choreographer
Deceased,Wilhelm Braun,72,Extinct Dialect Resurrectionist
Deceased,Lan Pham,31,Mycoremediation Alchemist
Deceased,Callum Stewart,4,Child
Deceased,Akemi Ueda,55,Sensory Deprivation Guide
Deceased,Viktor Lindström,39,Biomimetic Systems Philosopher
Deceased,Isabelle Moreau,62,Olfactory Memory Archivist
Deceased,Dong-hyun Cho,27,Phantom Limb Cartographer
Deceased,Moira Brennan,48,Death Transition Doula
Deceased,Tatsuya Kimura,19,Resonance Frequency Apprentice
Deceased,Elsa Bergqvist,91,Dream Interpretation Elder
Deceased,Jin Xu,45,Chrono-perception Researcher
Deceased,Cormac Doyle,11,Child
Deceased,Hanako Morita,34,Symbiont Relationship Mediator
Deceased,Lukas Zimmermann,53,Liminal Space Architect
Deceased,Ying-shan Tsai,28,Collective Unconscious Analyst
Deceased,Declan Murphy,76,Ceremony Design Emeritus
Deceased,Koharu Shimizu,40,Tactile Language Developer
Deceased,Arvid Holmgren,66,Deep Time Historian
Deceased,Natsuki Arai,3,Child
Deceased,Frances Whitmore,57,Nostalgia Curation Specialist
Deceased,Hyun-jun Kwon,32,Artificial Aurora Engineer
Deceased,Brigid Connolly,49,Ritual Object Consecrator
Deceased,Shota Matsuoka,81,Silence Cultivation Master
Deceased,Linnea Sjögren,25,Emotional Contagion Analyst
Deceased,Zhi-wei Gao,43,Entropy Mitigation Philosopher
Deceased,Eamon Tierney,9,Child
Deceased,Mariko Kawaguchi,37,Umami Optimization Chemist
Deceased,Henrik Strömberg,64,Solitude Management Counselor
Deceased,Minji Son,21,Haptic Poetry Composer
Deceased,Oskar Fredriksson,70,Threshold Guardian
Deceased,Noriko Kuroda,46,Proprioception Calibrator
Deceased,Seamus Hennessy,38,Echo Location Trainer
Deceased,Xiao-ling Deng,14,Child
Deceased,Greta Holmberg,59,Placebo Engineering Specialist
Deceased,Takumi Okada,26,Bio-acoustic Harmonist
Deceased,Siobhan Maguire,83,Ancestral Lineage Weaver
Deceased,Ryota Nagai,50,Synthetic Starlight Designer
Deceased,Astrid Nyström,35,Vestibular Poetry Therapist
Deceased,Han-sol Im,6,Child
Deceased,Pádraig Flynn,68,Communal Dreaming Facilitator
Deceased,Chihiro Yamaguchi,41,Xenolinguistic Archaeologist
Deceased,Lars Dahlberg,55,Phantom Sensation Researcher
Deceased,Mio Sakamoto,30,Interstitial Ecosystem Designer
Deceased,Connor O'Sullivan,47,Void Meditation Instructor
Deceased,Yoshiko Fujiwara,88,Generational Trauma Archivist
Deceased,Stefan Eklund,22,Micro-gravity Calligrapher
Deceased,Eun-bi Kang,5,Child
Deceased,Ronan Fitzgerald,63,Social Fabric Theorist
Deceased,Ayaka Inoue,33,Cellular Memory Therapist
Deceased,Magnus Persson,74,Mythogenesis Consultant
Deceased,Saki Ota,18,Bioluminescent Tattoo Apprentice
Deceased,Cillian Hayes,52,Psycho-acoustic Architect
Deceased,Tomoko Sugiyama,44,Taste Memory Reconstructionist
Deceased,Nils Bergman,12,Child
Deceased,Reiko Yoshida,61,Synthetic Nostalgia Engineer
Deceased,Lorcan Duffy,29,Empathy Calibration Technician
Deceased,Haru Kikuchi,78,Ceremonial Silence Keeper
Deceased,Ingrid Söderberg,36,Interspecies Semiotics Researcher
Deceased,Dae-jung Ryu,48,Holographic Memorial Sculptor
Deceased,Caoimhe Ryan,8,Child
Deceased,Junichi Tsukamoto,54,Existential Dread Counselor
Deceased,Elise Forsberg,27,Circadian Light Painter
Deceased,Shun Aoki,69,Archive of Scents Curator
Deceased,Orla Kavanagh,40,Birth Rite Choreographer
Deceased,Kazuhiro Maruyama,93,Oral Cosmology Elder
Deceased,Vera Hedström,31,Sensory Translation Specialist
Deceased,Tae-woo Jang,56,Vacuum Exposure Philosopher
Deceased,Aoife Nolan,10,Child
Deceased,Masato Ogura,45,Kinetic Memory Sculptor
Deceased,Clara Sundberg,65,Phantom Architecture Designer
Deceased,Jae-hyuk Moon,24,Synthetic Gravity Composer
Deceased,Una McCarthy,79,Linguistic Drift Historian
Deceased,Riku Takeuchi,38,Colony Mythos Inscriber
Deceased,Erik Löfgren,13,Child
Deceased,Sayuri Kondo,51,Somatic Grief Practitioner
Deceased,Brendan Foley,60,Isolation Echo Analyst
Deceased,Momoka Hirata,20,Ambient Memory Designer
Deceased,Axel Wikström,73,Temporal Dissonance Counselor
Deceased,Ji-yeon Han,42,Synthetic Dawn Calibrator
Deceased,Oisín Byrne,34,Cultural Osmosis Facilitator
Deceased,Rika Murakami,86,Ephemera Preservation Elder
Deceased,Noel Dempsey,49,Narrative Archaeology Specialist
Deceased,Sora Adachi,2,Child
Deceased,Gunnar Nordin,58,Resonant Frequency Diviner
Deceased,Fumiko Noguchi,37,Micro-expression Linguist
Deceased,Eoin Cleary,71,Psychogeography Cartographer
Deceased,Yuki Komatsu,46,Chromatic Therapy Alchemist
Deceased,Maja Lindahl,28,Bio-rhythmic Dream Weaver
Deceased,Kenta Sakai,82,Ancestral Voice Preservationist
Deceased,Isolde Wren,47,Phantom Earth Syndrome Counselor
Deceased,Kyo Murasaki,33,Inherited Nightmare Extractor
Deceased,Stellan Voss,71,Cosmic Indifference Acclimation Guide
Deceased,Fumihiro Kageura,29,Shadow Puppet Grief Ritualist
Deceased,Ailbhe Crowe,52,Unborn Generation Advocate
Deceased,Zhen-yi Bai,8,Child
Deceased,Thorsten Nebel,64,Vessel Sentience Liaison
Deceased,Kasumi Shirokane,41,Bottled Atmosphere Sommelier
Deceased,Fintan Holloway,85,Last Witness to Oceans
Deceased,Min-seo Gu,36,Involuntary Memory Surgeon
Deceased,Dagny Silén,23,Pre-Nostalgia Inoculation Tech
Deceased,Wataru Tsukiyomi,55,Moon Absence Grief Therapist
Deceased,Róisín Blackwood,3,Child
Deceased,Ernst Lichtenberg,78,Ontological Drift Stabilizer
Deceased,Nanami Hoshino,44,Stellar Radiation Taste Mapper
Deceased,Colm Ashford,60,Forgetting Ceremony Officiant
Deceased,Xiulan Shen,31,Phantom Season Simulator
Deceased,Birger Ström,49,Hull Whisper Interpreter
Deceased,Chisato Tsukuda,12,Child
Deceased,Malachy Vane,67,Conceptual Horizon Maintainer
Deceased,Suzu Amemiya,26,Extinction Memory Librarian
Deceased,Hedda Myrberg,53,Accumulated Dread Ventilation Specialist
Deceased,Genji Kuroiwa,38,Last Rainfall Recording Curator
Deceased,Sorcha Hemlock,90,Keeper of Forgotten Winds
Deceased,Dae-ho Shim,45,Existential Vertigo Technician
Deceased,Anneli Falk,7,Child
Deceased,Renzo Mikami,62,Borrowed Instinct Calibrator
Deceased,Grainne Yew,34,Collective Hallucination Moderator
Deceased,Noboru Kageyama,81,Darkness Texture Consultant
Deceased,Signe Djupström,28,Parasocial Earth Relationship Therapist
Deceased,Cian Ashenwood,50,Terminal Velocity Meditation Guide
Deceased,Hotaru Yorimitsu,19,Bioluminescent Mourning Apprentice
Deceased,Alaric Steinberg,73,Archive of Abandoned Prayers
Deceased,Megumi Shiroyuki,43,Synthetic Déjà Vu Engineer
Deceased,Tadhg Morrow,5,Child
Deceased,Io Mizushima,57,Gravitational Melancholy Researcher
Deceased,Ylva Djärv,39,Phantom Limb Ecosystem Designer
Deceased,Shiro Mugetsu,66,Void Stare Acclimation Trainer
Deceased,Niall Thornwood,25,Homesickness Fermentation Specialist
Deceased,Kohana Shiranui,48,Ancestral Guilt Metabolizer
Deceased,Viggo Eld,11,Child
Deceased,Rei Kurogane,35,Synthetic Childhood Memory Weaver
Deceased,Eithne Ashling,83,Keeper of the Last Thunderstorm
Deceased,Saburo Yozakura,54,Temporal Homesickness Cartographer
Deceased,Freya Dimma,30,Unwitnessed Death Documentarian
Deceased,Hyeon-jun Wolmae,69,Absence of Birds Grief Counselor
Deceased,Áine Ravenscar,42,Imaginary Weather Conductor
Deceased,Goro Shingetsu,4,Child
Deceased,Liv Vintermörk,61,Cryogenic Dream Harvester
Deceased,Tadashi Kagerō,37,Ship-Womb Dysphoria Therapist
Deceased,Caoilfhinn Haze,76,Oral History of Lost Colors
Deceased,Nao Kurohana,22,Synthetic Rainfall Grief Tech
Deceased,Ragnar Fjäll,58,Mountain Memory Projection Specialist
Deceased,Tsubaki Yamiyo,46,Collective Unconscious Janitor
Deceased,Lorcán Cindervale,9,Child
Deceased,Misaki Uzumaki,70,Spiral Thought Untangler
Deceased,Oona Mistwood,32,Phantom Ecosystem Grief Guide
Deceased,Haruto Nowaki,87,Archive of Extinct Silences
Deceased,Dagmar Ås,40,Pre-Emptive Regret Analyst
Deceased,Jiro Shigaraki,51,Ceramic Memory Fossilization Tech
Deceased,Síofra Gloomhollow,6,Child
Deceased,Akira Mugenshi,63,Infinite Corridor Perception Guide
Deceased,Turid Skyggeberg,29,Shadow Length Nostalgia Researcher
Deceased,Kaede Aozora,75,Last Clear Sky Remembrancer
Deceased,Rónán Dustfall,44,Settled Particle Divination Specialist
Deceased,Mana Uzumigawa,18,Eddy Current Dream Apprentice
Deceased,Stig Töckenfors,56,Hull Echo Emotional Translator
Deceased,Hikaru Kuyō,13,Child
Deceased,Bláthnaid Ashveil,68,Smoke Memory Preservationist
Deceased,Yukio Kageochi,41,Falling Shadow Catcher
Deceased,Frode Isklar,33,Frozen Moment Thawing Specialist
Deceased,Tomoe Mayoiga,80,Lost Village Dream Keeper
Deceased,Odhrán Stillwater,47,Stagnation Psychology Curator
Deceased,Kanna Oboro,2,Child
Deceased,Halvar Gråsten,59,Grey Stone Grief Lithographer
Deceased,Sakuya Yumeji,36,Dream Residue Sanitation Engineer
Deceased,Méabh Coldlight,72,Dying Star Emotional Proxy
Deceased,Itsuki Mugon,49,Silence Dialect Preservation Officer
Deceased,Eirik Rimfrost,24,Frost Pattern Memory Decoder
Deceased,Shinobu Kuchiki,65,Decaying Name Arborist
Deceased,Ciarán Hollowbone,10,Child
Deceased,Yuzuki Tomoshibi,38,Candlelight Extinction Mourner
Deceased,Solveig Dvala,52,Dormancy Awakening Ritualist
Deceased,Keisuke Mugendai,77,Infinity Vertigo Counselor
Deceased,Nuala Withershadow,27,Shadow Decay Documentation Specialist
Deceased,Haruka Kyōmu,45,Void Reflection Therapist
Deceased,Ásgeir Dimmfrost,84,Dim Light Habituation Elder
Deceased,Hinata Utsusemi,14,Child
Deceased,Ruairí Ashmist,60,Ash Particle Emotional Resonance Tech
Deceased,Nazuna Yūgure,31,Twilight Permanence Grief Curator
Deceased,Torvald Djupnatt,55,Deep Night Texture Analyst
Deceased,Mayu Kagehime,43,Shadow Princess Impersonation Therapist
Deceased,Bláithín Emberglow,8,Child
Deceased,Sōma Fukaikiri,69,Deep Fog Emotional Navigator
Deceased,Elva Svartnatt,35,Black Night Quality Assessor
Deceased,Ryūnosuke Maboroshi,92,Phantom Sensation Grand Archivist
Deceased,Orlaith Dewfall,50,Morning Dew Extinction Curator
Deceased,Arata Shinikage,21,Death Shadow Apprentice Documentarian
Deceased,Brynjar Ökenvind,74,Desert Wind Memory Keeper
Deceased,Utako Kanashimi,40,Sorrow Distillation Specialist
Deceased,Pádraigín Glimmerfall,7,Child
Deceased,Masumi Kusubana,58,Smoldering Flower Grief Alchemist
Deceased,Garrett Nilsen,47,Secondary Coolant Loop Backflow Valve Technician
Deceased,Yumi Takahashi,33,Atmospheric Scrubber Filter Mesh Calibrator
Deceased,Roland Becker,58,Tertiary Hull Stress Fracture Monitoring Engineer
Deceased,Hye-jin Gong,29,Cryogenic Seal Thermal Expansion Compensator
Deceased,Magnus Dahl,64,Redundant Power Bus Isolation Switch Specialist
Deceased,Aoi Matsuda,41,Waste Processing Centrifuge Bearing Alignment Tech
Deceased,Trevor Holt,8,Child
Deceased,Soo-jin Noh,52,Backup Life Support Solenoid Valve Inspector
Deceased,Werner Krause,36,Primary Reactor Neutron Flux Dampener Calibrator
Deceased,Misato Ueno,71,Airlock Gasket Compression Ratio Analyst
Deceased,Derek Sundqvist,25,Auxiliary Thruster Gimbal Servo Lubricator
Deceased,Eri Nakata,44,Potable Water UV Sterilization Wavelength Tuner
Deceased,Karl-Johan Lund,67,Emergency Bulkhead Hydraulic Cylinder Bleeder
Deceased,Natsumi Okamoto,3,Child
Deceased,Philip Wexler,55,Tertiary Oxygen Generation Electrode Replacement Tech
Deceased,Miki Saito,38,Docking Clamp Torque Limiter Calibration Engineer
Deceased,Oskar Hedlund,79,Fuel Line Micro-Leak Acoustic Detection Specialist
Deceased,Ji-hye Kwak,31,Centrifugal Gravity Ring Bearing Preload Adjuster
Deceased,Rupert Engström,48,Secondary Water Reclamation Membrane Pore Inspector
Deceased,Satomi Endo,22,Navigation Gyroscope Drift Correction Firmware Tech
Deceased,Walter Granlund,62,Emergency Battery Bank Cell Balancing Specialist
Deceased,Yoko Mizuno,11,Child
Deceased,Leonard Fisk,43,Atmospheric Humidity Condenser Fin Spacing Optimizer
Deceased,Chika Kawamoto,56,Cryopod Lid Hinge Micro-Tension Calibrator
Deceased,Henrik Blom,34,Reactor Control Rod Insertion Speed Governor Tech
Deceased,Mai Tsujimoto,69,Hull Panel Thermal Gap Filler Viscosity Analyst
Deceased,Stuart Oakes,50,Primary Coolant Pump Impeller Cavitation Monitor
Deceased,Rina Komori,6,Child
Deceased,Anton Löfqvist,73,Emergency Lighting Ballast Replacement Scheduler
Deceased,Kanako Iwasaki,40,Habitation Module Air Duct Damper Actuator Tech
Deceased,Douglas Rendell,28,Attitude Control Thruster Nozzle Erosion Inspector
Deceased,Shiori Hayashida,54,Cargo Bay Pressure Equalization Valve Seat Grinder
Deceased,Nils-Erik Sandberg,81,Backup Generator Fuel Injector Timing Specialist
Deceased,Yuka Morimoto,35,Cryogenic Storage Tank Boil-Off Rate Calculator
Deceased,Craig Ashburn,46,Secondary Hull Micrometeorite Impact Patch Welder
Deceased,Asuka Kitano,9,Child
Deceased,Marcus Lindholm,59,Water Recycling Activated Carbon Filter Bed Analyst
Deceased,Kyoko Nagano,27,Solar Panel Tracking Motor Gear Backlash Adjuster
Deceased,Gerald Thornberg,65,Pressurized Corridor Expansion Joint Sealant Tech
Deceased,Eriko Kubo,42,Oxygen Tank Regulator Diaphragm Fatigue Tester
Deceased,Sven-Olof Mård,77,Primary Power Conduit Junction Box Thermographer
Deceased,Wakana Nishida,14,Child
Deceased,Howard Craine,51,Artificial Gravity Centrifuge Counterweight Balancer
Deceased,Maiko Horie,33,Thruster Propellant Feed Line Check Valve Rebuilder
Deceased,Per-Anders Vikström,68,Emergency Hatch Explosive Bolt Integrity Inspector
Deceased,Chiharu Katō,24,Atmospheric Nitrogen Ratio Fine-Tuning Technician
Deceased,Lloyd Bancroft,45,Coolant System Air Pocket Purge Valve Operator
Deceased,Rui Shimada,5,Child
Deceased,Kenneth Malmqvist,57,Reactor Shielding Neutron Absorption Rate Tester
Deceased,Nanako Otsuka,39,Cryopod Defrost Heating Element Resistance Checker
Deceased,Rolf Jansson,83,Hull Breach Emergency Foam Dispenser Calibrator
Deceased,Fumie Yanagi,30,Water Reclamation Reverse Osmosis Pressure Optimizer
Deceased,Bradley Whitcomb,53,Secondary Life Support Carbon Dioxide Sensor Drift Adjuster
Deceased,Kana Washio,66,Docking Port Magnetic Alignment Coil Degausser
Deceased,Ernst-Hugo Ågren,37,Backup Thruster Fuel Crossfeed Valve Exerciser
Deceased,Mitsuko Terada,7,Child
Deceased,Raymond Hedberg,72,Primary Power Inverter Harmonic Distortion Analyst
Deceased,Sachiko Kawakami,48,Habitation HVAC Blower Motor Brush Replacement Tech
Deceased,Gunnar Ödman,26,Reactor Coolant Pipe Elbow Erosion Thickness Gauge
Deceased,Izumi Nojima,61,Emergency Oxygen Candle Ignition Reliability Tester
Deceased,Mitchell Carver,44,Tertiary Hull Section Rivet Stress Distribution Mapper
Deceased,Yumiko Uchiyama,12,Child
Deceased,Jan-Erik Norberg,58,Atmospheric Processor Molecular Sieve Regeneration Timer
Deceased,Haruna Sekiguchi,32,Cryogenic Valve Stem Packing Gland Torque Specialist
Deceased,Russell Greer,75,Solar Array Junction Box Bypass Diode Tester
Deceased,Tamami Fujita,41,Potable Water Chlorination Injection Rate Calibrator
Deceased,Ulf Stenmark,49,Emergency Battery Thermal Runaway Prevention Circuit Tech
Deceased,Chizuru Nakano,4,Child
Deceased,Norman Ashford,63,Waste Processing Anaerobic Digester pH Buffer Tech
Deceased,Kimiko Yamane,36,Navigation Computer Clock Crystal Oscillator Trimmer
Deceased,Bengt Hällgren,85,Primary Coolant Heat Exchanger Tube Bundle Inspector
Deceased,Erina Hirota,23,Hull Stress Sensor Signal Amplifier Gain Calibrator
Deceased,Clayton Mercer,55,Backup Generator Governor Linkage Bushing Replacer
Deceased,Manami Furukawa,70,Airlock Inner Door Seal Compression Set Tester
Deceased,Göran Åkerström,38,Reactor Moderator Rod Guide Tube Wear Inspector
Deceased,Sayaka Baba,10,Child
Deceased,Warren Caldecott,67,Tertiary Power Distribution Breaker Trip Curve Analyst
Deceased,Hitomi Miyazawa,29,Cryopod Biometric Lock Fingerprint Sensor Cleaner
Deceased,Leif Söderström,52,Emergency Thrust Vector Control Hydraulic Accumulator Tech
Deceased,Yukari Tezuka,46,Water Recycling Ultraviolet Lamp Hour Meter Reader
Deceased,Donald Whitfield,79,Atmospheric Leak Detection Mass Spectrometer Calibrator
Deceased,Nobuko Kikukawa,34,Docking Mechanism Soft Capture Ring Buffer Spring Tester
Deceased,Håkan Nyqvist,60,Primary Power Bus Voltage Sag Compensation Specialist
Deceased,Ami Sakakibara,8,Child
Deceased,Victor Malmberg,43,Hull Thermal Insulation Vacuum Jacket Leak Checker
Deceased,Mariko Shinohara,57,Cryogenic Tank Level Sensor Capacitance Calibrator
Deceased,Bo Lindkvist,74,Reactor Emergency Shutdown Rod Drop Time Verifier
Deceased,Kaori Anzai,21,Atmospheric Oxygen Partial Pressure Fine Tuner
Deceased,Staffan Öberg,50,Backup Navigation Inertial Measurement Unit Drift Logger
Deceased,Noriko Kubota,13,Child
Deceased,Glenn Westerlund,66,Coolant System Expansion Tank Bladder Integrity Tester
Deceased,Tomoko Hasegawa,39,Habitation Module Floor Panel Vibration Isolator Tech
Deceased,Ragnar Thunberg,82,Emergency Airlock Pressure Equalization Orifice Sizer
Deceased,Kiyomi Shiraishi,28,Propellant Tank Ullage Pressure Regulator Diaphragm Tech
Deceased,Eric Molander,54,Primary Hull Section Weld Seam Ultrasonic Inspector
Deceased,Satoko Machida,2,Child
Deceased,Mats Fagerberg,61,Waste Gas Incinerator Combustion Chamber Liner Measurer
Deceased,Naomi Yasuda,45,Cryogenic Pipe Support Bracket Thermal Contraction Calculator
Deceased,Torbjörn Hellström,88,Solar Array Deployment Motor Current Limiting Fuse Selector
Deceased,Takako Ikeda,35,Emergency Beacon Battery Terminal Corrosion Prevention Specialist
Deceased,Ingrid Solheim,47,Cryogenic Revival Aphasia Rehabilitation Specialist
Deceased,Takeshi Murata,33,Zero-Gravity Cerebrospinal Fluid Accumulation Neurologist
Deceased,Fionnuala Kirwan,58,Generational Bone Density Regression Therapist
Deceased,Joon-ho Baek,29,Artificial Gravity Transition Vertigo Specialist
Deceased,Astrid Ekholm,64,Phantom Sunlight Deficiency Dermatologist
Deceased,Kenji Horiguchi,8,Child
Deceased,Maeve Sheridan,41,Closed-System Microbiome Drift Gastroenterologist
Deceased,Shunsuke Yoneda,52,Long-Duration Spaceflight Ocular Hypertension Surgeon
Deceased,Brigitte Wahlström,36,Post-Cryogenic Emotional Blunting Psychiatrist
Deceased,Min-gyu Jeong,71,Radiation-Induced Premature Cellular Senescence Oncologist
Deceased,Clodagh Feeney,25,Ship-Born Agoraphobia Exposure Therapist
Deceased,Daiki Ozawa,44,Centrifugal Habitat Inner Ear Recalibration Specialist
Deceased,Helene Dahlgren,6,Child
Deceased,Rory Dunne,67,Multi-Generational Genetic Bottleneck Counselor
Deceased,Ayano Tanimoto,55,Artificial Daylight Circadian Disorder Somnologist
Deceased,Kristoffer Holm,38,Chronic Low-Gravity Lymphatic Stagnation Specialist
Deceased,Seung-yeon Bae,79,Deep Space Radiation Cataract Microsurgeon
Deceased,Deirdre Gannon,31,Earth Bereavement Complex Grief Psychiatrist
Deceased,Yoshiaki Hamada,48,Cryogenic Sleep Muscle Atrophy Physiatrist
Deceased,Tuva Hellström,3,Child
Deceased,Padraig Corcoran,62,Recycled Atmosphere Chronic Rhinitis Specialist
Deceased,Mao Kurosawa,27,Post-Thaw Proprioceptive Dysfunction Neurologist
Deceased,Anders Kihlberg,84,Generational Ship Claustrophobia Emeritus Psychiatrist
Deceased,Hana Yoshioka,43,Synthetic Food Intolerance Allergist
Deceased,Cillian Madden,56,Zero-G Spinal Elongation Pain Management Specialist
Deceased,Minori Konishi,11,Child
Deceased,Sigrún Björnsdóttir,34,Hibernation Emergence Identity Dissociation Therapist
Deceased,Yosuke Imamura,69,Cosmic Ray Neural Microlesion Neuroimaging Specialist
Deceased,Aisling Quinlan,50,Artificial Gravity Dependent Hypertension Cardiologist
Deceased,Kazuya Hattori,22,Closed Environment Fungal Lung Colonization Pulmonologist
Deceased,Maja Nordin,65,Multi-Generation Epigenetic Trauma Specialist
Deceased,Eoin Doherty,9,Child
Deceased,Sachie Nishikawa,40,Post-Cryogenic Taste Receptor Regeneration Specialist
Deceased,Bjørn Haugen,57,Microgravity Kidney Stone Fragmentation Urologist
Deceased,Ji-won Yeo,35,Ship-Born Horizon Absence Anxiety Therapist
Deceased,Catriona Boyle,73,Radiation Shelter Confinement Syndrome Psychiatrist
Deceased,Takuya Sugimoto,46,Artificial Atmosphere Vocal Cord Adaptation Laryngologist
Deceased,Elin Gustafsson,7,Child
Deceased,Lorcan Phelan,61,Cryogenic Neuropathy Peripheral Nerve Specialist
Deceased,Rieko Ogata,28,Zero-Gravity Menstrual Retrograde Flow Gynecologist
Deceased,Henrik Almqvist,53,Long-Duration Mission Immune Dysregulation Immunologist
Deceased,Soon-young Ahn,81,Post-Thaw Rapid Aging Syndrome Gerontologist
Deceased,Niamh Costello,39,Generational Vitamin D Synthesis Deficiency Endocrinologist
Deceased,Hayato Fujimoto,4,Child
Deceased,Solveig Andersen,66,Chronic Recycled Water Trace Mineral Imbalance Nephrologist
Deceased,Masanori Kawashima,32,Space-Adaptation Syndrome Vestibular Neurologist
Deceased,Orlaith Whelan,49,Closed Population Autoimmune Emergence Rheumatologist
Deceased,Sho Hosokawa,75,Multi-Generational Myopia Progression Specialist
Deceased,Greta Månsson,24,Post-Cryogenic Hormonal Desynchronization Endocrinologist
Deceased,Ciarán Brosnan,59,Hull Breach Survivor Decompression Injury Specialist
Deceased,Yui Nagata,13,Child
Deceased,Pål Sørensen,42,Low-Gravity Cardiac Output Redistribution Cardiologist
Deceased,Mutsumi Fukuda,68,Cryogenic Sleep Cognitive Defragmentation Neuropsychologist
Deceased,Aoibhín Molloy,36,Synthetic Light Seasonal Affective Disorder Psychiatrist
Deceased,Ryoichi Shibuya,51,Interstellar Particle Dermal Embedding Specialist
Deceased,Karin Lindberg,83,Generational Telomere Shortening Longevity Specialist
Deceased,Féilim Regan,5,Child
Deceased,Chie Minami,45,Post-Hibernation Circadian Phase Shift Chronobiologist
Deceased,Morten Berge,70,Zero-Gravity Bone Marrow Fat Infiltration Hematologist
Deceased,Sung-min Go,29,Artificial Gravity Gradient Differential Blood Pressure Specialist
Deceased,Alva Eriksson,54,Closed-System Pathogen Evolution Epidemiologist
Deceased,Takanori Maeda,37,Cosmic Radiation Thyroid Microcarcinoma Specialist
Deceased,Bláithín Crowley,10,Child
Deceased,Etsuko Nagai,63,Post-Thaw Declarative Memory Reconstruction Therapist
Deceased,Kristian Haugli,26,Spacecraft Vibration-Induced Neuropathy Specialist
Deceased,Yeon-seo Jo,47,Multi-Generation Recessive Gene Expression Counselor
Deceased,Lena Fröberg,86,Ship-Born Elderly Gravity Intolerance Geriatrician
Deceased,Tatsuji Okumura,41,Cryogenic Cardiac Rhythm Reset Electrophysiologist
Deceased,Róisín Kinahan,6,Child
Deceased,Hiroyuki Katayama,58,Zero-G Intervertebral Disc Rehydration Spine Specialist
Deceased,Svea Löfgren,33,Post-Cryogenic Phantom Limb Emergence Neurologist
Deceased,Donnacha Mulligan,72,Long-Duration Mission Prostate Tissue Migration Urologist
Deceased,Naoko Shibata,49,Closed Ecosystem Antibiotic Resistance Management Specialist
Deceased,Frode Bakken,23,Artificial Gravity Sickness Adaptation Failure Specialist
Deceased,Yu-jin Oh,77,Generational Auditory Processing Decline Specialist
Deceased,Clíodhna Hartley,38,Space-Born Immune Naivety Vaccination Designer
Deceased,Kōhei Nishiyama,12,Child
Deceased,Marianne Sjöblom,55,Post-Hibernation Existential Discontinuity Therapist
Deceased,Cathal Lonergan,64,Recycled Atmosphere Carbon Dioxide Sensitivity Specialist
Deceased,Aya Doi,30,Zero-Gravity Pregnancy Placental Attachment Specialist
Deceased,Erik Hovland,46,Cryogenic Tissue Microcrystallization Damage Pathologist
Deceased,Seon-woo Nam,88,Deep Space Isolation Psychosis Prevention Elder
Deceased,Ciara Moroney,2,Child
Deceased,Toshiyuki Mochizuki,52,Ship-Bound Agoraphobic Paradox Resolution Therapist
Deceased,Annika Fält,67,Generational Skeletal Gracilization Orthopedist
Deceased,Breandán Dowling,35,Post-Thaw Autobiographical Memory Disorder Specialist
Deceased,Kaoru Umeda,60,Artificial Light Retinal Pigment Adaptation Ophthalmologist
Deceased,Sigrid Mjøs,44,Closed Population Founder Effect Genetic Counselor
Deceased,Jun-seok Woo,8,Child
Deceased,Nobuyuki Kishimoto,74,Zero-G Venous Pooling Chronic Management Specialist
Deceased,Emer Lohan,28,Cryogenic Emergence Depersonalization Disorder Psychiatrist
Deceased,Yurika Taniguchi,53,Microgravity Tear Film Instability Dry Eye Specialist
Deceased,Torgeir Brekke,40,Multi-Generational Vestibular Baseline Drift Researcher
Deceased,Mi-ran Yun,91,Post-Thaw Centenarian Cellular Rejuvenation Elder
Deceased,Darragh Ennis,57,Chronic Low-Stimulation Sensory Atrophy Neurologist
Deceased,Saori Asano,14,Child
Deceased,Halvard Lien,66,Spacecraft Atmosphere Trace Toxin Accumulation Toxicologist
Deceased,Gráinne Fagan,31,Zero-Gravity Pregnancy Fetal Positioning Specialist
Deceased,Kensaku Morita,48,Cryogenic Preservation Cellular Autophagy Specialist
Deceased,Anja Thorsen,80,Generational Ship Endemic Disease Historian
Deceased,Tadhg Conneely,43,Post-Hibernation Gut Flora Recolonization Gastroenterologist
Deceased,Sigrid Vaale,47,Involuntary Bioluminescence Suppression Specialist
Deceased,Tetsuya Mizuno,33,Gill Vestige Reactivation Researcher
Deceased,Orla Fenmore,62,Ancestral Tail Gene Counselor
Deceased,Hyun-tae Seol,28,Synthetic Womb Microbiome Curator
Deceased,Magnhild Kvist,71,Atavistic Claw Emergence Therapist
Deceased,Shusuke Enokida,5,Child
Deceased,Catriona Aldwell,44,Chimeric Twin Absorption Specialist
Deceased,Wen-hao Xie,56,Vestigial Organ Reawakening Tech
Deceased,Astrid Moln,35,Inherited Trauma Methylation Analyst
Deceased,Kenji Shimabukuro,79,Horizontal Gene Transfer Archivist
Deceased,Fiadh Dunlevy,23,Fetal Cell Microchimerism Tracker
Deceased,Bo-hyun Yun,41,Cryptobiosis Induction Specialist
Deceased,Torbjørn Helle,8,Child
Deceased,Ume Tachikawa,52,Teratoma Differentiation Guide
Deceased,Phelan Rafferty,67,Atrophied Organ Memory Researcher
Deceased,Xia Rong-hui,31,Symbiont Rejection Grief Counselor
Deceased,Annika Gräns,48,Ectopic Bone Formation Cartographer
Deceased,Shunsuke Kozuki,19,Regressive Phenotype Apprentice
Deceased,Deirdre Kinnane,84,Cellular Senescence Reversal Elder
Deceased,Min-jun Baek,37,Parasitic Twin Consciousness Liaison
Deceased,Halfdan Vik,54,Hibernation Organ Genesis Specialist
Deceased,Kotone Usugi,3,Child
Deceased,Iarla Comerford,60,Redundant Heart Development Tech
Deceased,Qiu Meilin,45,Chimeric Blood Type Stabilizer
Deceased,Eivor Lund,29,Spontaneous Limb Regeneration Monitor
Deceased,Takahiro Iwagami,73,Junk DNA Resurrection Specialist
Deceased,Clodagh Nestor,40,Fused Vertebrae Separation Researcher
Deceased,Sang-wook Eom,12,Child
Deceased,Ragnhild Blix,58,Teratogenic Memory Extraction Tech
Deceased,Hayate Ukishima,34,Amphibious Lung Transition Specialist
Deceased,Niamh Quirke,77,Vestigial Pouch Reactivation Guide
Deceased,Cheng Zixin,50,Synthetic Placenta Ecosystem Designer
Deceased,Sunniva Dahl,26,Ectopic Pregnancy Transplantation Tech
Deceased,Genta Shimotsuki,65,Dormant Venom Gland Researcher
Deceased,Cillian Aherne,7,Child
Deceased,Misato Haibara,43,Parthenogenesis Induction Counselor
Deceased,Erik Fjelstad,69,Ancestral Fur Gene Suppression Specialist
Deceased,Yeon-hee Gong,32,Mitochondrial Eve Lineage Tracker
Deceased,Baldur Kvam,55,Nictitating Membrane Restoration Tech
Deceased,Shiori Nabeshima,21,Bioluminescent Organ Cultivation Apprentice
Deceased,Aoibhín Mulcahy,88,Telomere Degradation Historian
Deceased,Hideaki Kuze,46,Synthetic Amniotic Fluid Chemist
Deceased,Tuva Granlund,11,Child
Deceased,Conn Lonergan,38,Cryptic Pregnancy Detection Specialist
Deceased,Lian Chenguang,63,Horizontal Womb Transfer Surgeon
Deceased,Máire Garvey,49,Vestigial Wing Bud Researcher
Deceased,Ryoichi Tsugumi,82,Ancient Retrovirus Reactivation Historian
Deceased,Hjördis Ågren,30,Cellular Memory Engram Biologist
Deceased,Dong-wook Sim,6,Child
Deceased,Etsuko Karasawa,57,Transgenerational Trauma Epigeneticist
Deceased,Lorcan Geraghty,72,Atavistic Webbing Manifestation Counselor
Deceased,Shu-chen Luo,39,Synthetic Ovary Ecosystem Curator
Deceased,Kåre Berntsen,44,Vestigial Gill Slit Surgeon
Deceased,Nazuna Kisaragi,24,Parthenogenic Clone Identity Therapist
Deceased,Bríd Shaughnessy,4,Child
Deceased,Masanobu Sawada,68,Induced Pluripotency Grief Counselor
Deceased,Ylva Sandström,51,Ectogenesis Tank Microbiome Specialist
Deceased,Jae-sung Woo,35,Chimeric Immune System Architect
Deceased,Gunhild Røvik,80,Cellular De-differentiation Elder
Deceased,Sōta Takigawa,42,Vestigial Tail Nerve Mapping Tech
Deceased,Caoimhín Broderick,10,Child
Deceased,Hitomi Unno,59,Synthetic Gut Flora Archeologist
Deceased,Leif Stokke,27,Induced Hibernation Metabolism Specialist
Deceased,Yeon-su Pyo,75,Ancestral Beak Gene Suppression Researcher
Deceased,Saoirse Devlin,36,Teratoma Consciousness Ethics Specialist
Deceased,Nobuhiko Saruwatari,53,Redundant Organ Rejection Counselor
Deceased,Märta Ekberg,14,Child
Deceased,Tiernan Holohan,64,Vestigial Cloaca Research Specialist
Deceased,Ru-ping Jiang,41,Synthetic Umbilical Ecosystem Designer
Deceased,Sverre Hatlen,33,Induced Neoteny Stabilization Tech
Deceased,Fumino Kagami,91,Cellular Immortality Failure Archivist
Deceased,Diarmuid Cusack,48,Atavistic Scale Pattern Emergence Specialist
Deceased,Bai Xuemei,22,Artificial Womb Bonding Facilitator
Deceased,Oddny Haugen,9,Child
Deceased,Ryūji Togawa,56,Vestigial Prehensile Muscle Reactivation Tech
Deceased,Eilis Fearon,70,Horizontal Mitochondrial Transfer Historian
Deceased,Kwan-ho Tak,45,Synthetic Colostrum Formulation Chemist
Deceased,Ingvild Nesse,31,Cryptic Twin Genome Archaeologist
Deceased,Toshiaki Momose,83,Retroviral Ancestry Cartographer
Deceased,Gráinne Mellett,2,Child
Deceased,Yoichi Shigenoi,47,Induced Polyploidy Stabilization Specialist
Deceased,Solrun Haugli,61,Vestigial Vomeronasal Organ Researcher
Deceased,Myung-hoon Ko,38,Artificial Germ Cell Lineage Curator
Deceased,Ásdís Thorsen,54,Cryptobiotic Revival Trauma Counselor
Deceased,Kensaku Ebina,25,Synthetic Mesentery Organ Designer
Deceased,Finola Corcoran,76,Transgenerational Immune Memory Historian
Deceased,Hu Yanming,13,Child
Deceased,Tamotsu Nojiri,66,Induced Metamorphosis Transition Guide
Deceased,Rannveig Sande,40,Vestigial Photoreceptor Reactivation Specialist
Deceased,Seok-jin Maeng,58,Chimeric Gonad Development Researcher
Deceased,Bergljót Vang,34,Synthetic Decidua Grief Counselor
Deceased,Yasushi Kadomatsu,86,Junk Protein Resurrection Archivist
Deceased,Muireann Drennan,8,Child
Deceased,Jun-ho Myeong,52,Ectopic Neural Crest Cell Migration Specialist
Deceased,Sigrún Eide,29,Vestigial Pineal Eye Stimulation Researcher
Deceased,Nobuyoshi Urushibara,74,Ancestral Carapace Gene Memory Keeper
Deceased,Ailís Considine,43,Induced Superfetation Ethics Counselor
Deceased,Zheng Haowen,17,Synthetic Organ Rejection Apprentice
Deceased,Torsten Melhus,67,Teratogenic Adaptation Archivist
Deceased,Setsuko Amakawa,50,Horizontal Brain Tissue Transfer Specialist
Deceased,Ruairí Linnane,6,Child
Deceased,Chie Teshigawara,37,Vestigial Electroreceptor Restoration Tech
Deceased,Bradley Hoffmann,47,Quantum Consciousness Bleed-Through Researcher
Deceased,Michelle Torres,33,Non-Euclidean Growth Pattern Analyst
Deceased,Kenneth Walsh,62,Spontaneous Matter Duplication Theorist
Deceased,Jennifer Kowalski,28,Temporal Enzyme Decay Specialist
Deceased,Douglas Freeman,71,Vacuum Exposure Memory Retention Researcher
Deceased,Amanda Schultz,5,Child
Deceased,Raymond Chen,44,Faster-Than-Light Cellular Aging Analyst
Deceased,Christina Delgado,56,Quantum Entangled Twin Studies Lead
Deceased,Jeffrey O'Brien,35,Dark Matter Accumulation in Bone Researcher
Deceased,Laura Fitzgerald,79,Generational Void Exposure Longitudinal Studies
Deceased,Scott Johansson,23,Synthetic Gravity Withdrawal Syndrome Analyst
Deceased,Kimberly Reyes,41,Cryogenic Dream Bleed Researcher
Deceased,Brian McCarthy,8,Child
Deceased,Stephanie Bauer,52,Closed-Loop Ecosystem Psychological Drift Studies
Deceased,Timothy Russo,67,Radiation-Induced Ancestral Memory Theorist
Deceased,Heather Morrison,31,Zero-G Bone Singing Phenomenon Researcher
Deceased,Gregory Swanson,48,Ship Hum Frequency Behavioral Studies Lead
Deceased,Nicole Patterson,19,Artificial Gravity Circadian Disruption Apprentice
Deceased,Keith Rodriguez,84,Multi-Generational Starlight Deprivation Historian
Deceased,Megan Sullivan,37,Quantum Uncertainty Anxiety Disorder Researcher
Deceased,Eric Lindberg,54,Vacuum-Adjacent Cellular Mutation Analyst
Deceased,Rebecca Foster,3,Child
Deceased,Donald Keller,60,Theoretical Resurrection Protocol Researcher
Deceased,Ashley Schmidt,45,Synthetic Womb Consciousness Emergence Studies
Deceased,Ronald Martinez,29,Faster-Than-Light Perception Lag Analyst
Deceased,Elizabeth Hoffman,73,Hibernation Identity Continuity Theorist
Deceased,Steven Olsen,40,Cosmic Ray Intuition Enhancement Researcher
Deceased,Sarah Donovan,12,Child
Deceased,Patrick Weber,58,Closed Ecosystem Pathogen Evolution Specialist
Deceased,Danielle Price,34,Quantum Superposition Trauma Studies Lead
Deceased,Mark Ramirez,77,Generational Ship Dialect Drift Analyst
Deceased,Tiffany Murphy,50,Artificial Day Cycle Hormone Disruption Researcher
Deceased,Charles Bergstrom,26,Dark Energy Proximity Mood Studies Analyst
Deceased,Emily Crawford,65,Non-Linear Aging Cohort Studies Director
Deceased,Jason Kelly,7,Child
Deceased,Lisa Hansen,43,Cryogenic Revival Identity Verification Researcher
Deceased,Kevin Brennan,69,Void Stare Catatonia Longitudinal Studies
Deceased,Amy Christensen,32,Quantum Entangled Organ Rejection Analyst
Deceased,Christopher Rivera,55,Hull Vibration Auditory Hallucination Researcher
Deceased,Angela Fischer,21,Synthetic Sunlight Deficiency Syndrome Apprentice
Deceased,Matthew Gallagher,88,Multi-Generational Agoraphobia Emergence Historian
Deceased,Melissa Larsen,46,Faster-Than-Light Dream Synchronization Studies
Deceased,Joshua Meyer,11,Child
Deceased,Stephanie Reynolds,38,Recycled Air Pheromone Accumulation Researcher
Deceased,Andrew Coleman,63,Zero-G Vestibular Phantom Sensation Analyst
Deceased,Katherine Burke,49,Artificial Gravity Bone Density Paradox Theorist
Deceased,Ryan Schneider,82,Cosmic Background Radiation Hearing Studies Elder
Deceased,Samantha Walsh,30,Quantum Decoherence Identity Loss Researcher
Deceased,Justin Powers,6,Child
Deceased,Carolyn Drake,57,Cryogenic Suspension Phantom Time Perception Analyst
Deceased,Brandon Shaw,72,Generational Ship Boundary Dissolution Studies
Deceased,Natalie Roth,39,Dark Matter Organ Accumulation Pathology Lead
Deceased,Aaron Foster,44,Recursive Gene Expression Anomaly Researcher
Deceased,Christina Burke,24,Artificial Ecosystem Evolutionary Acceleration Analyst
Deceased,Sean Gallagher,4,Child
Deceased,Monica Warren,68,Void Proximity Empathy Degradation Studies Director
Deceased,Derek Mueller,51,Quantum Tunneling Cellular Loss Syndrome Researcher
Deceased,Allison Novak,35,Hibernation Dream Cross-Contamination Analyst
Deceased,Tyler Henderson,80,Non-Biological Consciousness Emergence Theorist
Deceased,Victoria Pearson,42,Closed-Loop Genetic Drift Acceleration Studies
Deceased,Nathan Cross,10,Child
Deceased,Shannon Mercer,59,Cosmic Ray Savant Syndrome Emergence Researcher
Deceased,Dustin Callahan,27,Synthetic Day/Night Melatonin Collapse Analyst
Deceased,Erica Graham,75,Multi-Generational Claustrophobia Immunity Studies
Deceased,Garrett Flynn,36,Vacuum-Adjacent Cellular Communication Researcher
Deceased,Courtney Abbott,53,Quantum Observation Tumor Growth Correlation Lead
Deceased,Marcus Lindgren,14,Child
Deceased,Whitney Stone,64,Artificial Gravity Lymphatic Stagnation Theorist
Deceased,Derrick Benson,41,Dark Energy Field Emotional Blunting Researcher
Deceased,Kristen Doyle,33,Cryogenic Memory Partition Failure Analyst
Deceased,Travis Whitman,91,Generational Ship Mythology Emergence Historian
Deceased,Jacqueline Hart,48,Faster-Than-Light Relative Aging Grief Studies
Deceased,Chad Montgomery,22,Hull Resonance Bone Growth Anomaly Apprentice
Deceased,Amber Holloway,9,Child
Deceased,Brett Carlson,56,Synthetic Ecosystem Predator Emergence Researcher
Deceased,Vanessa Drake,70,Zero-G Blood Pooling Dementia Correlation Analyst
Deceased,Kyle Davidson,45,Quantum Entangled Death Moment Studies Lead
Deceased,Wendy Frost,31,Closed-Loop Prion Accumulation Pathology Researcher
Deceased,Corey Ashworth,83,Cosmic Void Existential Threshold Studies Elder
Deceased,Holly Tucker,2,Child
Deceased,Grant Hollister,47,Artificial Sunlight Seasonal Depression Paradox Analyst
Deceased,Brooke Calloway,61,Multi-Generational Facial Recognition Drift Researcher
Deceased,Logan Bishop,38,Dark Matter Synaptic Interference Pattern Theorist
Deceased,Kelsey Winslow,54,Cryogenic Cellular Clock Reset Failure Studies
Deceased,Mitchell Garrison,25,Vacuum Microbiome Extinction Event Analyst
Deceased,Hayley Prescott,76,Generational Ship Social Hierarchy Fossilization Lead
Deceased,Blake Thornton,13,Child
Deceased,Jenna Caldwell,66,Quantum Probability Cascade Organ Failure Researcher
Deceased,Trevor Ashford,40,Synthetic Gravity Inner Ear Crystal Formation Studies
Deceased,Lindsey Beckett,58,Faster-Than-Light Temporal Lobe Desynchronization Analyst
Deceased,Casey Whitfield,34,Closed Ecosystem Allergen Accumulation Syndrome Researcher
Deceased,Mallory Sutton,86,Non-Linear Generational Memory Inheritance Historian
Deceased,Dustin Hargrove,8,Child
Deceased,Bethany Merrill,52,Zero-G Cerebrospinal Fluid Migration Pathology Lead
Deceased,Spencer Knox,29,Dark Energy Proximity Apoptosis Acceleration Analyst
Deceased,Kayla Langston,74,Hibernation Identity Fragmentation Longitudinal Studies
Deceased,Hunter Castillo,43,Quantum Decoherence Cellular Integrity Loss Researcher
Deceased,Morgan Blackwell,17,Cosmic Ray Mutation Inheritance Pattern Apprentice
Deceased,Trevor Albright,67,Artificial Ecosystem Apex Predator Emergence Theorist
Deceased,Krystal Pemberton,50,Generational Ship Empathy Extinction Studies Director
Deceased,Bradley Hoffmann,47,Zero-G Sneeze Trajectory Analyst
Deceased,Michelle Torres,33,Recycled Air Fart Dispersion Specialist
Deceased,Kenneth Walsh,62,Artificial Gravity Wedgie Prevention Consultant
Deceased,Jennifer Kowalski,28,Space Madness Early Warning Screamer
Deceased,Douglas Freeman,71,Unnecessary Alarm Silencing Technician
Deceased,Amanda Schultz,5,Child
Deceased,Raymond Chen,44,Cryo-Pod Morning Breath Remediation Lead
Deceased,Christina Delgado,56,Existential Crisis Scheduling Coordinator
Deceased,Jeffrey O'Brien,35,Hull Banging Noise Apologist
Deceased,Laura Fitzgerald,79,Multi-Generational Gossip Archivist
Deceased,Scott Johansson,23,Artificial Gravity Toilet Splash Calibrator
Deceased,Kimberly Reyes,41,Unexplained Sticky Surface Investigator
Deceased,Brian McCarthy,8,Child
Deceased,Stephanie Bauer,52,Communal Shower Awkwardness Mitigator
Deceased,Timothy Russo,67,Unidentifiable Cafeteria Meat Historian
Deceased,Heather Morrison,31,Personal Space Violation Mediator
Deceased,Gregory Swanson,48,Unnecessary Meeting Prevention Officer
Deceased,Nicole Patterson,19,Zero-G Hair Clump Retrieval Apprentice
Deceased,Keith Rodriguez,84,Loud Chewing Complaint Adjudicator Elder
Deceased,Megan Sullivan,37,Passive-Aggressive Note Curator
Deceased,Eric Lindberg,54,Recycled Water Taste Apologist
Deceased,Rebecca Foster,3,Child
Deceased,Donald Keller,60,Vague Medical Symptom Dismissal Specialist
Deceased,Ashley Schmidt,45,Elevator Small Talk Optimization Consultant
Deceased,Ronald Martinez,29,Unnecessary Reply-All Email Interceptor
Deceased,Elizabeth Hoffman,73,Unsolicited Advice Distribution Coordinator
Deceased,Steven Olsen,40,Creepy Corridor Humming Investigator
Deceased,Sarah Donovan,12,Child
Deceased,Patrick Weber,58,Food Theft Passive Surveillance Specialist
Deceased,Danielle Price,34,Weird Smell Source Triangulation Analyst
Deceased,Mark Ramirez,77,Inappropriate Joke Timing Consultant
Deceased,Tiffany Murphy,50,Queue Cutting Intervention Specialist
Deceased,Charles Bergstrom,26,Awkward Silence Filling Technician
Deceased,Emily Crawford,65,Unsolicited Back Rub Prevention Officer
Deceased,Jason Kelly,7,Child
Deceased,Lisa Hansen,43,Close Talker Distance Enforcement Agent
Deceased,Kevin Brennan,69,Lost Sock Conspiracy Theorist
Deceased,Amy Christensen,32,Thermostat War Armistice Negotiator
Deceased,Christopher Rivera,55,Passive-Aggressive Sigh Interpreter
Deceased,Angela Fischer,21,Zero-G Crumb Migration Pattern Apprentice
Deceased,Matthew Gallagher,88,Questionable Leftovers Expiration Elder
Deceased,Melissa Larsen,46,Unsanctioned Nap Location Scout
Deceased,Joshua Meyer,11,Child
Deceased,Stephanie Reynolds,38,Reply-Hazy-Ask-Again-Later Specialist
Deceased,Andrew Coleman,63,Motivational Poster Effectiveness Analyst
Deceased,Katherine Burke,49,Awkward Waving Distance Calibrator
Deceased,Ryan Schneider,82,Mandatory Fun Compliance Historian
Deceased,Samantha Walsh,30,Perpetual Sniffler Relocation Coordinator
Deceased,Justin Powers,6,Child
Deceased,Carolyn Drake,57,Secret Candy Stash Auditor
Deceased,Brandon Shaw,72,Unsolicited Shoulder Massage Prevention Lead
Deceased,Natalie Roth,39,Mysterious Puddle Origin Specialist
Deceased,Aaron Foster,44,Pen Clicker Noise Abatement Officer
Deceased,Christina Burke,24,Unattended Bag Suspicion Analyst
Deceased,Sean Gallagher,4,Child
Deceased,Monica Warren,68,Potluck Dish Avoidance Strategist
Deceased,Derek Mueller,51,Nose Whistle Frequency Dampening Tech
Deceased,Allison Novak,35,Chronic Oversharer Redirection Specialist
Deceased,Tyler Henderson,80,Unsolicited Life Story Truncation Elder
Deceased,Victoria Pearson,42,Aggressive Eye Contact Mediation Counselor
Deceased,Nathan Cross,10,Child
Deceased,Shannon Mercer,59,Shared Bathroom Schedule Optimization Lead
Deceased,Dustin Callahan,27,Zero-G Vomit Trajectory Prediction Analyst
Deceased,Erica Graham,75,Accidental Eavesdropping Shame Counselor
Deceased,Garrett Flynn,36,Unflushable Situation Response Coordinator
Deceased,Courtney Abbott,53,Mansplaining Frequency Reduction Specialist
Deceased,Marcus Lindgren,14,Child
Deceased,Whitney Stone,64,Suspicious Cough Proximity Alert Technician
Deceased,Derrick Benson,41,Unwanted Hug Deflection Trainer
Deceased,Kristen Doyle,33,One-Upper Conversation Neutralizer
Deceased,Travis Whitman,91,Unearned Confidence Documentation Historian
Deceased,Jacqueline Hart,48,Devil's Advocate Suppression Officer
Deceased,Chad Montgomery,22,Expired Yogurt Sniff Test Apprentice
Deceased,Amber Holloway,9,Child
Deceased,Brett Carlson,56,Unsolicited Diet Advice Deflection Lead
Deceased,Vanessa Drake,70,Chronic Interrupter Timeout Coordinator
Deceased,Kyle Davidson,45,Loud Typer Keyboard Padding Specialist
Deceased,Wendy Frost,31,Microwave Fish Reheating Prevention Officer
Deceased,Corey Ashworth,83,Unearned Nickname Assignment Elder
Deceased,Holly Tucker,2,Child
Deceased,Grant Hollister,47,Reply-All Apology Chain Breaker
Deceased,Brooke Calloway,61,Mysterious Stain Attribution Analyst
Deceased,Logan Bishop,38,Uncomfortable Birthday Song Duration Specialist
Deceased,Kelsey Winslow,54,Humble Brag Translation Services Lead
Deceased,Mitchell Garrison,25,Zero-G Toenail Clipping Recovery Technician
Deceased,Hayley Prescott,76,Compulsive Throat Clearer Relocation Coordinator
Deceased,Blake Thornton,13,Child
Deceased,Jenna Caldwell,66,Phantom Vibration Syndrome Counselor
Deceased,Trevor Ashford,40,Shared Armrest Territorial Dispute Mediator
Deceased,Lindsey Beckett,58,Unsolicited Photo Viewing Escape Strategist
Deceased,Casey Whitfield,34,Weird Breathing Pattern Normalization Specialist
Deceased,Mallory Sutton,86,Backhanded Compliment Decoder Elder
Deceased,Dustin Hargrove,8,Child
Deceased,Bethany Merrill,52,Aggressive Perfume Cloud Dispersal Technician
Deceased,Spencer Knox,29,Unnecessary Spoiler Alert Prevention Analyst
Deceased,Kayla Langston,74,Chronic Name Forgetter Cover Story Provider
Deceased,Hunter Castillo,43,Stolen Lunch Note Ghostwriter
Deceased,Morgan Blackwell,17,Awkward Fist Bump Recovery Apprentice
Deceased,Trevor Albright,67,Uninvited Plus-One Accommodation Specialist
Deceased,Krystal Pemberton,50,Premature Reply-All Intervention Coordinator
Deceased,Harrison Caldwell,52,Deputy Secretary of Colonial Continuity
Deceased,Margaret Thornton,67,Chief Arbiter of Resource Allocation Disputes
Deceased,William Davenport,44,Undersecretary for Generational Transition Affairs
Deceased,Elizabeth Harrington,58,Director of Interstitial Governance Protocol
Deceased,Charles Whitmore,71,Senior Counsel for Reproductive Rights Adjudication
Deceased,Patricia Ashford,5,Child
Deceased,Richard Pemberton,63,Commissioner of Long-Term Population Planning
Deceased,Catherine Blackwell,39,Deputy Director of Civil Unrest Anticipation
Deceased,Thomas Wellington,48,Assistant Secretary for Labor Caste Mobility
Deceased,Virginia Hollister,82,Emeritus Chair of Constitutional Preservation
Deceased,Robert Kensington,35,Junior Attaché to the Oxygen Rationing Council
Deceased,Eleanor Worthington,56,Chief Administrator of Grievance Documentation
Deceased,James Fitzgerald,8,Child
Deceased,Barbara Stanton,73,Senior Advisor on Ideological Drift Prevention
Deceased,Edward Cromwell,41,Deputy Commissioner of Electoral Integrity
Deceased,Dorothy Prescott,29,Assistant Director of Factional Balance Monitoring
Deceased,Franklin Mercer,65,Secretary of Posthumous Affairs and Legacy Rights
Deceased,Helen Aldrich,50,Undersecretary for Dissent Management Protocol
Deceased,George Thornburg,12,Child
Deceased,Ruth Chamberlain,47,Chief Liaison to the Council of Essential Workers
Deceased,Harold Winchester,69,Commissioner of Historical Narrative Oversight
Deceased,Martha Pennington,33,Deputy Arbiter of Skill Inheritance Disputes
Deceased,Albert Hawthorne,77,Senior Counsel for Cryogenic Citizenship Rights
Deceased,Frances Kensington,42,Director of Civilian Morale Assessment
Deceased,Raymond Stockton,6,Child
Deceased,Virginia Ashworth,61,Undersecretary for Intergenerational Debt Resolution
Deceased,Donald Carrington,54,Chief Administrator of Emergency Powers Limitation
Deceased,Evelyn Whitfield,38,Deputy Director of Propaganda Authenticity Review
Deceased,Kenneth Remington,84,Emeritus Advisor on Tyranny Prevention Protocol
Deceased,Judith Blanchard,45,Assistant Secretary for Minority Opinion Preservation
Deceased,Walter Pendleton,31,Junior Counsel to the Resource Courts
Deceased,Nancy Wentworth,9,Child
Deceased,Henry Livingston,59,Commissioner of Information Scarcity Management
Deceased,Carol Fairfax,72,Senior Director of Succession Crisis Prevention
Deceased,Arthur Huntington,46,Deputy Administrator of Civil Liberties Suspension Review
Deceased,Sharon Rockefeller,27,Assistant Liaison to the Birth Lottery Commission
Deceased,Lawrence Beaumont,68,Chief Arbiter of Professional Caste Disputes
Deceased,Betty Carmichael,4,Child
Deceased,Eugene Stratford,53,Secretary of Interpersonal Conflict Escalation Prevention
Deceased,Diane Whitehall,40,Undersecretary for Demographic Engineering Ethics
Deceased,Gerald Buckingham,79,Senior Advisor on Colonial Charter Interpretation
Deceased,Marie Vanderbilt,36,Deputy Commissioner of Whistleblower Protection
Deceased,Philip Worthington,14,Child
Deceased,Janet Sinclair,62,Director of Ideological Purity Assessment Review
Deceased,Howard Cunningham,49,Chief Counsel for Euthanasia Protocol Oversight
Deceased,Carolyn Hartwell,34,Assistant Director of Civilian Surveillance Limitation
Deceased,Ralph Bancroft,88,Emeritus Chair of the Ethics Enforcement Tribunal
Deceased,Gloria Devereaux,55,Commissioner of Generational Wealth Redistribution
Deceased,Ernest Moorfield,7,Child
Deceased,Judith Ashby,66,Senior Arbiter of Reproductive Quota Appeals
Deceased,Russell Kingsley,43,Deputy Secretary of Emergency Rationing Oversight
Deceased,Marilyn Woodward,30,Junior Attaché to the Population Control Board
Deceased,Vincent Blackstone,75,Chief Administrator of Exile and Banishment Review
Deceased,Shirley Fairbanks,51,Undersecretary for Civilian Curfew Justification
Deceased,Norman Breckinridge,11,Child
Deceased,Theresa Langford,64,Director of Inter-Caste Marriage Approval
Deceased,Stanley Northcott,48,Deputy Counsel for Mandatory Labor Exemptions
Deceased,Christine Hartington,25,Assistant Administrator of Youth Indoctrination Review
Deceased,Leonard Ashmore,81,Senior Advisor on Martial Law Termination Protocol
Deceased,Karen Winterbourne,57,Commissioner of Food Riot Prevention Strategy
Deceased,Roy Waverly,3,Child
Deceased,Sandra Bellingham,70,Chief Liaison to the Council of Medical Rationing
Deceased,Clarence Edgeworth,45,Deputy Director of Informant Protection Services
Deceased,Pamela Stoneleigh,32,Assistant Secretary for Propaganda Effectiveness Metrics
Deceased,Eugene Westbrook,91,Emeritus Arbiter of Capital Punishment Review
Deceased,Donna Harcourt,53,Undersecretary for Civil Disobedience Response
Deceased,Cecil Montague,13,Child
Deceased,Beverly Radcliffe,60,Director of Political Prisoner Rehabilitation
Deceased,Vernon Castlewood,47,Chief Counsel for Compulsory Sterilization Appeals
Deceased,Roberta Ellsworth,28,Junior Administrator of Sedition Documentation
Deceased,Milton Ashworth,74,Senior Commissioner of Legacy Family Privileges
Deceased,Phyllis Kenilworth,41,Deputy Arbiter of Essential Personnel Classification
Deceased,Chester Ravenscroft,8,Child
Deceased,Lorraine Chatsworth,68,Secretary of Interdenominational Religious Oversight
Deceased,Clifford Beauregard,50,Undersecretary for Civilian Movement Restriction
Deceased,Dolores Standish,37,Assistant Director of Rumor Suppression Protocol
Deceased,Reginald Falconbridge,85,Emeritus Advisor on Democratic Restoration Planning
Deceased,Constance Lockwood,56,Chief Administrator of Luxury Goods Redistribution
Deceased,Herbert Wingate,10,Child
Deceased,Marlene Thornfield,63,Commissioner of Genetic Fitness Documentation
Deceased,Roland Saxonbury,44,Deputy Secretary of Water Privilege Allocation
Deceased,Geraldine Ashby,22,Junior Counsel to the Exile Appeals Tribunal
Deceased,Horace Pemberton,78,Senior Director of Insurrection Memory Archives
Deceased,Vivian Whitmore,49,Chief Liaison to the Mandatory Breeding Council
Deceased,Floyd Halstead,6,Child
Deceased,Mildred Collingwood,65,Undersecretary for Political Re-Education Oversight
Deceased,Bernard Ravenswood,52,Deputy Commissioner of Citizenship Revocation Review
Deceased,Harriet Langley,35,Assistant Arbiter of Skill Caste Reassignment
Deceased,Wilfred Stanhope,89,Emeritus Chair of Colonial Founding Principles
Deceased,Lucille Beauchamp,58,Director of Intergenerational Trauma Acknowledgment
Deceased,Sterling Ashcroft,2,Child
Deceased,Marjorie Wyndham,71,Senior Secretary of Death Panel Oversight
Deceased,Archibald Cavendish,46,Chief Counsel for Oxygen Privilege Appeals
Deceased,Beatrice Morley,33,Deputy Administrator of Civilian Compliance Metrics
Deceased,Percival Harrowgate,76,Commissioner of Historical Grievance Arbitration
Deceased,Rosemary Blackwood,54,Undersecretary for Mandatory Volunteerism Oversight
Deceased,Cornelius Whitehurst,15,Child
Deceased,Adelaide Worthington,67,Director of Inter-Generational Resentment Mitigation
Deceased,Bartholomew Sterling,43,Chief Arbiter of Permanent Emergency Extension
Deceased,Henrietta Ravencroft,29,Junior Secretary to the Resource Hoarding Tribunal
Deceased,Montgomery Ashford,83,Senior Advisor on Peaceful Transition of Power Protocol
Deceased,Kevin Marshall,47,Interpersonal Dispute Resolution Advocate
Deceased,Michelle Carter,33,Molecular Compound Synthesis Specialist
Deceased,Brian Simmons,62,Mass Transit Vehicle Operations Coordinator
Deceased,Jennifer Walsh,28,Youth Cognitive Development Facilitator
Deceased,Douglas Perry,71,Deceased Remains Preparation Technician
Deceased,Amanda Foster,5,Child
Deceased,Raymond Cooper,44,Residential Climate Control Systems Engineer
Deceased,Christina Bell,56,Textile Sanitation and Restoration Specialist
Deceased,Jeffrey Howard,35,Commercial Food Preparation Artist
Deceased,Laura Barnes,79,Geriatric Mobility Assistance Coordinator
Deceased,Scott Richardson,23,Fermented Beverage Distribution Specialist
Deceased,Kimberly Ward,41,Domestic Animal Wellness Consultant
Deceased,Brian Jenkins,8,Child
Deceased,Stephanie Cox,52,Personal Aesthetic Enhancement Technician
Deceased,Timothy Reed,67,Underground Waste Conveyance Systems Engineer
Deceased,Heather Price,31,Oral Health Maintenance Specialist
Deceased,Gregory Russell,48,Vertical Transportation Systems Operator
Deceased,Nicole Gray,19,Entry-Level Caffeinated Beverage Preparation Apprentice
Deceased,Keith James,84,Retired Heavy Cargo Logistics Coordinator
Deceased,Megan Watson,37,Minor Illness Pharmaceutical Dispensary Manager
Deceased,Eric Brooks,54,Combustion Engine Diagnostic Specialist
Deceased,Rebecca Sanders,3,Child
Deceased,Donald Hayes,60,Structural Wood Assembly Craftsman
Deceased,Ashley Long,45,Numerical Discrepancy Resolution Analyst
Deceased,Ronald Hughes,29,Grain Fermentation and Bread Synthesis Technician
Deceased,Elizabeth Butler,73,Senior Fabric Pattern Assembly Specialist
Deceased,Steven Ross,40,Residential Electrical Current Distribution Engineer
Deceased,Sarah Morgan,12,Child
Deceased,Patrick Kelly,58,Alcoholic Beverage Service and Consultation Specialist
Deceased,Danielle Peterson,34,Companion Animal Grooming and Aesthetics Technician
Deceased,Mark Phillips,77,Legacy Manual Document Reproduction Specialist
Deceased,Tiffany Turner,50,Temporary Personnel Acquisition Coordinator
Deceased,Charles Campbell,26,Entry-Level Legal Documentation Processor
Deceased,Emily Parker,65,Retired Primary Education Instruction Specialist
Deceased,Jason Stewart,7,Child
Deceased,Lisa Morris,43,Residential Property Transaction Facilitator
Deceased,Kevin Collins,69,Subterranean Resource Extraction Veteran
Deceased,Amy Edwards,32,Interpersonal Fitness Motivation Consultant
Deceased,Christopher Hill,55,Bulk Material Conveyance Vehicle Operator
Deceased,Angela Adams,21,Novice Cosmetic Application Technician
Deceased,Matthew Nelson,88,Emeritus Precision Timepiece Restoration Specialist
Deceased,Melissa Wright,46,Mid-Level Administrative Task Execution Coordinator
Deceased,Joshua Green,11,Child
Deceased,Stephanie Baker,38,Personal Vehicle Cleanliness Restoration Specialist
Deceased,Andrew Hall,63,Senior Plumbing Infrastructure Maintenance Engineer
Deceased,Katherine Young,49,Institutional Food Service Distribution Coordinator
Deceased,Ryan Allen,82,Retired Maritime Cargo Vessel Navigation Specialist
Deceased,Samantha King,30,Digital Imagery Capture and Enhancement Technician
Deceased,Justin Scott,6,Child
Deceased,Carolyn Davis,57,Pharmaceutical Inventory and Distribution Manager
Deceased,Brandon Clark,72,Legacy Print Media Distribution Coordinator
Deceased,Natalie Lewis,39,Personal Finance Optimization Consultant
Deceased,Aaron Robinson,44,Residential Exterior Coating Application Specialist
Deceased,Christina Walker,24,Junior Garment Retail Customer Interface Specialist
Deceased,Sean Martinez,4,Child
Deceased,Monica Jackson,68,Senior Patient Care and Recovery Facilitator
Deceased,Derek White,51,Commercial Kitchen Sanitation Compliance Officer
Deceased,Allison Harris,35,Infant Development and Supervision Specialist
Deceased,Tyler Thompson,80,Retired Leather Footwear Restoration Craftsman
Deceased,Victoria Garcia,42,Personal Correspondence and Package Delivery Coordinator
Deceased,Nathan Brown,10,Child
Deceased,Shannon Taylor,59,Institutional Textile Cleanliness Assurance Manager
Deceased,Dustin Moore,27,Recreational Watercraft Passenger Safety Coordinator
Deceased,Erica Anderson,75,Senior Optical Correction Device Fabrication Specialist
Deceased,Garrett Thomas,36,Residential Pest Mitigation and Removal Technician
Deceased,Courtney Wilson,53,Mid-Career Temporary Office Support Specialist
Deceased,Marcus Martinez,14,Child
Deceased,Whitney Johnson,64,Perishable Goods Quality Inspection Coordinator
Deceased,Derrick Lee,41,Athletic Footwear Retail Consultation Specialist
Deceased,Kristen Rodriguez,33,Junior Skin Wellness and Beautification Technician
Deceased,Travis Miller,91,Emeritus Manual Landscape Maintenance Specialist
Deceased,Jacqueline Hernandez,48,Domestic Dwelling Interior Organization Consultant
Deceased,Chad Lopez,22,Entry-Level Automotive Fuel Dispensing Attendant
Deceased,Amber Gonzalez,9,Child
Deceased,Brett Perez,56,Commercial Frozen Dairy Confection Preparation Specialist
Deceased,Vanessa Sanchez,70,Senior Civic Waste Collection Route Coordinator
Deceased,Kyle Rivera,45,Personal Injury Compensation Acquisition Specialist
Deceased,Wendy Torres,31,Canine Behavior Modification and Training Consultant
Deceased,Corey Flores,83,Retired Heavy Equipment Earth Displacement Operator
Deceased,Holly Nguyen,2,Child
Deceased,Grant Kim,47,Residential Security Systems Installation Technician
Deceased,Brooke Patel,61,Academic Performance Enhancement Consultant
Deceased,Logan Singh,38,Commercial Dough-Based Food Product Delivery Specialist
Deceased,Kelsey Chen,54,Personal Garment Selection and Coordination Advisor
Deceased,Mitchell Tran,25,Junior Audio-Visual Equipment Retail Specialist
Deceased,Hayley Reyes,76,Senior Feline Exclusive Veterinary Care Specialist
Deceased,Blake Cruz,13,Child
Deceased,Jenna Morales,66,Institutional Floor Surface Sanitation Coordinator
Deceased,Trevor Gutierrez,40,Residential Tree Hazard Assessment and Removal Specialist
Deceased,Lindsey Ortiz,58,Commercial Laundry Pressing and Finishing Technician
Deceased,Casey Ramos,34,Personal Wellness Journey Documentation Specialist
Deceased,Mallory Diaz,86,Emeritus Hardbound Literature Repair Craftsman
Deceased,Dustin Vargas,8,Child
Deceased,Bethany Castro,52,Mid-Level Insurance Claim Validity Assessment Analyst
Deceased,Spencer Freeman,29,Recreational Cannabis Product Consultation Specialist
Deceased,Kayla Wells,74,Senior Domestic Poultry Product Distribution Coordinator
Deceased,Hunter Stone,43,Personal Vehicle Collision Damage Restoration Technician
Deceased,Morgan Webb,17,Apprentice Fast Casual Dining Preparation Specialist
Deceased,Trevor Russell,67,Commercial Refrigeration Temperature Compliance Officer
Deceased,Krystal Barnes,50,Personal Nail Aesthetic Enhancement and Maintenance Technician
Deceased,Kevin Marshall,47,Interpersonal Dispute Resolution Advocate (Non-Consensual)
Deceased,Michelle Carter,33,Unauthorized Molecular Compound Synthesis Specialist
Deceased,Brian Simmons,62,Mass Transit Vehicle Operations Coordinator (Unlicensed)
Deceased,Jennifer Walsh,28,Youth Cognitive Development Overcorrection Facilitator
Deceased,Douglas Perry,71,Premature Remains Preparation Technician
Deceased,Amanda Foster,5,Child
Deceased,Raymond Cooper,44,Involuntary Climate Control Systems Engineer
Deceased,Christina Bell,56,Evidence Sanitation and Restoration Specialist
Deceased,Jeffrey Howard,35,Unidentified Protein Preparation Artist
Deceased,Laura Barnes,79,Geriatric Mobility Restriction Coordinator
Deceased,Scott Richardson,23,Prohibited Beverage Distribution Specialist
Deceased,Kimberly Ward,41,Domestic Animal Reassignment Consultant
Deceased,Brian Jenkins,8,Child
Deceased,Stephanie Cox,52,Involuntary Aesthetic Modification Technician
Deceased,Timothy Reed,67,Unauthorized Burial Site Location Engineer
Deceased,Heather Price,31,Unnecessary Dental Extraction Specialist
Deceased,Gregory Russell,48,One-Way Vertical Transportation Systems Operator
Deceased,Nicole Gray,19,Sedative Beverage Preparation Apprentice
Deceased,Keith James,84,Retired Suspicious Cargo Logistics Coordinator
Deceased,Megan Watson,37,Experimental Pharmaceutical Dispensary Manager
Deceased,Eric Brooks,54,Sabotaged Engine Diagnostic Specialist
Deceased,Rebecca Sanders,3,Child
Deceased,Donald Hayes,60,Shallow Pit Assembly Craftsman
Deceased,Ashley Long,45,Missing Funds Concealment Analyst
Deceased,Ronald Hughes,29,Questionable Grain Fermentation Technician
Deceased,Elizabeth Butler,73,Counterfeit Fabric Pattern Assembly Specialist
Deceased,Steven Ross,40,Selective Power Outage Distribution Engineer
Deceased,Sarah Morgan,12,Child
Deceased,Patrick Kelly,58,Memory Suppression Beverage Consultation Specialist
Deceased,Danielle Peterson,34,Stray Animal Collection and Processing Technician
Deceased,Mark Phillips,77,Classified Document Reproduction Specialist
Deceased,Tiffany Turner,50,Involuntary Personnel Acquisition Coordinator
Deceased,Charles Campbell,26,Falsified Legal Documentation Processor
Deceased,Emily Parker,65,Retired Youth Re-Education Instruction Specialist
Deceased,Jason Stewart,7,Child
Deceased,Lisa Morris,43,Foreclosed Property Seizure Facilitator
Deceased,Kevin Collins,69,Unlicensed Organ Extraction Veteran
Deceased,Amy Edwards,32,Compulsory Fitness Motivation Consultant
Deceased,Christopher Hill,55,Remains Transportation Vehicle Operator
Deceased,Angela Adams,21,Deceptive Cosmetic Application Technician
Deceased,Matthew Nelson,88,Emeritus Surveillance Device Installation Specialist
Deceased,Melissa Wright,46,Redundant Employee Termination Coordinator
Deceased,Joshua Green,11,Child
Deceased,Stephanie Baker,38,Crime Scene Vehicle Restoration Specialist
Deceased,Andrew Hall,63,Sewage Backup Acceleration Engineer
Deceased,Katherine Young,49,Expired Food Service Distribution Coordinator
Deceased,Ryan Allen,82,Retired Human Cargo Vessel Navigation Specialist
Deceased,Samantha King,30,Non-Consensual Imagery Capture Technician
Deceased,Justin Scott,6,Child
Deceased,Carolyn Davis,57,Controlled Substance Diversion Manager
Deceased,Brandon Clark,72,Propaganda Print Media Distribution Coordinator
Deceased,Natalie Lewis,39,Personal Debt Accumulation Consultant
Deceased,Aaron Robinson,44,Lead-Based Coating Application Specialist
Deceased,Christina Walker,24,Shoplifted Garment Resale Interface Specialist
Deceased,Sean Martinez,4,Child
Deceased,Monica Jackson,68,Patient Recovery Prevention Facilitator
Deceased,Derek White,51,Vermin Introduction Compliance Officer
Deceased,Allison Harris,35,Unattended Infant Supervision Specialist
Deceased,Tyler Thompson,80,Retired Human Leather Restoration Craftsman
Deceased,Victoria Garcia,42,Intercepted Correspondence Delivery Coordinator
Deceased,Nathan Brown,10,Child
Deceased,Shannon Taylor,59,Biohazard Textile Redistribution Manager
Deceased,Dustin Moore,27,Overcrowded Vessel Passenger Removal Coordinator
Deceased,Erica Anderson,75,Incorrect Prescription Device Fabrication Specialist
Deceased,Garrett Thomas,36,Beneficial Insect Elimination Technician
Deceased,Courtney Wilson,53,Whistleblower Identification Support Specialist
Deceased,Marcus Martinez,14,Child
Deceased,Whitney Johnson,64,Spoiled Goods Relabeling Inspection Coordinator
Deceased,Derrick Lee,41,Child Labor Footwear Production Consultation Specialist
Deceased,Kristen Rodriguez,33,Unlicensed Skin Modification Technician
Deceased,Travis Miller,91,Emeritus Unmarked Grave Maintenance Specialist
Deceased,Jacqueline Hernandez,48,Missing Person Dwelling Clearance Consultant
Deceased,Chad Lopez,22,Siphoned Fuel Dispensing Attendant
Deceased,Amber Gonzalez,9,Child
Deceased,Brett Perez,56,Mislabeled Dairy Product Preparation Specialist
Deceased,Vanessa Sanchez,70,Illegal Dumping Route Coordinator
Deceased,Kyle Rivera,45,Fabricated Injury Claim Acquisition Specialist
Deceased,Wendy Torres,31,Aggressive Canine Behavior Enhancement Consultant
Deceased,Corey Flores,83,Retired Improper Burial Earth Displacement Operator
Deceased,Holly Nguyen,2,Child
Deceased,Grant Kim,47,Residential Surveillance Systems Installation Technician
Deceased,Brooke Patel,61,Academic Record Falsification Consultant
Deceased,Logan Singh,38,Contaminated Food Product Delivery Specialist
Deceased,Kelsey Chen,54,Stolen Garment Authentication Bypass Advisor
Deceased,Mitchell Tran,25,Counterfeit Electronics Retail Specialist
Deceased,Hayley Reyes,76,Involuntary Feline Acquisition Care Specialist
Deceased,Blake Cruz,13,Child
Deceased,Jenna Morales,66,Solitary Confinement Floor Sanitation Coordinator
Deceased,Trevor Gutierrez,40,Healthy Tree Removal and Sales Specialist
Deceased,Lindsey Ortiz,58,Stolen Uniform Pressing and Finishing Technician
Deceased,Casey Ramos,34,Fabricated Wellness Journey Documentation Specialist
Deceased,Mallory Diaz,86,Emeritus Banned Literature Concealment Craftsman
Deceased,Dustin Vargas,8,Child
Deceased,Bethany Castro,52,Legitimate Claim Denial Assessment Analyst
Deceased,Spencer Freeman,29,Laced Recreational Product Consultation Specialist
Deceased,Kayla Wells,74,Battery Farm Poultry Mislabeling Distribution Coordinator
Deceased,Hunter Stone,43,Insurance Fraud Collision Staging Technician
Deceased,Morgan Webb,17,Apprentice Health Code Violation Concealment Specialist
Deceased,Trevor Russell,67,Spoiled Meat Temperature Falsification Officer
Deceased,Krystal Barnes,50,Unsanitary Nail Implement Reuse Technician
Deceased,Brandon Kelley,44,Asbestos Remediation Avoidance Consultant
Deceased,Meredith Shaw,31,Unclaimed Luggage Redistribution Specialist
Deceased,Derek Hoffman,59,Substandard Building Material Approval Coordinator
Deceased,Tanya Morrison,26,Placebo Medication Substitution Technician
Deceased,Curtis Webb,73,Retired Falsified Emissions Inspection Specialist
Deceased,Heather Dunn,38,Non-Organic Produce Organic Labeling Coordinator
Deceased,Troy Chambers,52,Decommissioned Elevator Reactivation Engineer
Deceased,Lindsay Cross,7,Child
Deceased,Garrett Holt,65,Watered-Down Beverage Quality Assurance Specialist
Deceased,Brianna Marsh,49,Inheritance Redirection Document Preparation Technician
Deceased,Jan Jansen,53,Augmented Pet Control Technician